event_id,event_slug,market_id,market_slug,city,resolution_station_ICAO,bucket_boundary_C,bucket_label,resolution_source_URL,resolution_source_type,event_24h_volume,event_open_interest,market_24h_volume,best_ask,best_bid,order_min_size,tick_size,enable_order_book
661252,highest-temperature-in-shanghai-on-july-5-2026,2778772,highest-temperature-in-shanghai-on-july-5-2026-27corbelow,Shanghai,ZSPD,<= 27 deg C,27°C or below,https://www.wunderground.com/history/daily/cn/shanghai/ZSPD,wunderground_airport_history,246841.57763500002,122622.250209,21873.348714,0.001,,5,0.001,True
661252,highest-temperature-in-shanghai-on-july-5-2026,2778773,highest-temperature-in-shanghai-on-july-5-2026-28c,Shanghai,ZSPD,"[28, 29) deg C (integer bucket by truncation contract)",28°C,https://www.wunderground.com/history/daily/cn/shanghai/ZSPD,wunderground_airport_history,246841.57763500002,122622.250209,41791.23069900001,0.002,,5,0.001,True
661252,highest-temperature-in-shanghai-on-july-5-2026,2778774,highest-temperature-in-shanghai-on-july-5-2026-29c,Shanghai,ZSPD,"[29, 30) deg C (integer bucket by truncation contract)",29°C,https://www.wunderground.com/history/daily/cn/shanghai/ZSPD,wunderground_airport_history,246841.57763500002,122622.250209,49435.090458,0.002,,5,0.001,True
661252,highest-temperature-in-shanghai-on-july-5-2026,2778775,highest-temperature-in-shanghai-on-july-5-2026-30c,Shanghai,ZSPD,"[30, 31) deg C (integer bucket by truncation contract)",30°C,https://www.wunderground.com/history/daily/cn/shanghai/ZSPD,wunderground_airport_history,246841.57763500002,122622.250209,45172.32671900001,0.001,,5,0.001,True
661252,highest-temperature-in-shanghai-on-july-5-2026,2778776,highest-temperature-in-shanghai-on-july-5-2026-31c,Shanghai,ZSPD,"[31, 32) deg C (integer bucket by truncation contract)",31°C,https://www.wunderground.com/history/daily/cn/shanghai/ZSPD,wunderground_airport_history,246841.57763500002,122622.250209,24687.020738,1,0.998,5,0.001,True
661252,highest-temperature-in-shanghai-on-july-5-2026,2778777,highest-temperature-in-shanghai-on-july-5-2026-32c,Shanghai,ZSPD,"[32, 33) deg C (integer bucket by truncation contract)",32°C,https://www.wunderground.com/history/daily/cn/shanghai/ZSPD,wunderground_airport_history,246841.57763500002,122622.250209,16371.170544999997,0.001,,5,0.001,True
661252,highest-temperature-in-shanghai-on-july-5-2026,2778778,highest-temperature-in-shanghai-on-july-5-2026-33c,Shanghai,ZSPD,"[33, 34) deg C (integer bucket by truncation contract)",33°C,https://www.wunderground.com/history/daily/cn/shanghai/ZSPD,wunderground_airport_history,246841.57763500002,122622.250209,18711.431462,0.001,,5,0.001,True
661252,highest-temperature-in-shanghai-on-july-5-2026,2778779,highest-temperature-in-shanghai-on-july-5-2026-34c,Shanghai,ZSPD,"[34, 35) deg C (integer bucket by truncation contract)",34°C,https://www.wunderground.com/history/daily/cn/shanghai/ZSPD,wunderground_airport_history,246841.57763500002,122622.250209,17862.183541000006,0.001,,5,0.001,True
661252,highest-temperature-in-shanghai-on-july-5-2026,2778780,highest-temperature-in-shanghai-on-july-5-2026-35c,Shanghai,ZSPD,"[35, 36) deg C (integer bucket by truncation contract)",35°C,https://www.wunderground.com/history/daily/cn/shanghai/ZSPD,wunderground_airport_history,246841.57763500002,122622.250209,7612.268725999999,0.001,,5,0.001,True
661252,highest-temperature-in-shanghai-on-july-5-2026,2778781,highest-temperature-in-shanghai-on-july-5-2026-36c,Shanghai,ZSPD,"[36, 37) deg C (integer bucket by truncation contract)",36°C,https://www.wunderground.com/history/daily/cn/shanghai/ZSPD,wunderground_airport_history,246841.57763500002,122622.250209,2585.2260329999995,0.001,,5,0.001,True
661252,highest-temperature-in-shanghai-on-july-5-2026,2778782,highest-temperature-in-shanghai-on-july-5-2026-37corhigher,Shanghai,ZSPD,>= 37 deg C,37°C or higher,https://www.wunderground.com/history/daily/cn/shanghai/ZSPD,wunderground_airport_history,246841.57763500002,122622.250209,962.43,0.001,,5,0.001,True
664853,highest-temperature-in-shanghai-on-july-6-2026,2791324,highest-temperature-in-shanghai-on-july-6-2026-28c,Shanghai,ZSPD,"[28, 29) deg C (integer bucket by truncation contract)",28°C,https://www.wunderground.com/history/daily/cn/shanghai/ZSPD,wunderground_airport_history,21455.700353,12827.097821000001,1058.114,0.004,0.001,5,0.001,True
664853,highest-temperature-in-shanghai-on-july-6-2026,2791325,highest-temperature-in-shanghai-on-july-6-2026-29c,Shanghai,ZSPD,"[29, 30) deg C (integer bucket by truncation contract)",29°C,https://www.wunderground.com/history/daily/cn/shanghai/ZSPD,wunderground_airport_history,21455.700353,12827.097821000001,1457.273516,0.004,0.003,5,0.001,True
664853,highest-temperature-in-shanghai-on-july-6-2026,2791326,highest-temperature-in-shanghai-on-july-6-2026-30c,Shanghai,ZSPD,"[30, 31) deg C (integer bucket by truncation contract)",30°C,https://www.wunderground.com/history/daily/cn/shanghai/ZSPD,wunderground_airport_history,21455.700353,12827.097821000001,1950.007898,0.008,0.004,5,0.001,True
664853,highest-temperature-in-shanghai-on-july-6-2026,2791327,highest-temperature-in-shanghai-on-july-6-2026-31c,Shanghai,ZSPD,"[31, 32) deg C (integer bucket by truncation contract)",31°C,https://www.wunderground.com/history/daily/cn/shanghai/ZSPD,wunderground_airport_history,21455.700353,12827.097821000001,2448.0483139999997,0.03,0.013,5,0.001,True
664853,highest-temperature-in-shanghai-on-july-6-2026,2791328,highest-temperature-in-shanghai-on-july-6-2026-32c,Shanghai,ZSPD,"[32, 33) deg C (integer bucket by truncation contract)",32°C,https://www.wunderground.com/history/daily/cn/shanghai/ZSPD,wunderground_airport_history,21455.700353,12827.097821000001,3945.383261,0.09,0.06,5,0.01,True
664853,highest-temperature-in-shanghai-on-july-6-2026,2791329,highest-temperature-in-shanghai-on-july-6-2026-33c,Shanghai,ZSPD,"[33, 34) deg C (integer bucket by truncation contract)",33°C,https://www.wunderground.com/history/daily/cn/shanghai/ZSPD,wunderground_airport_history,21455.700353,12827.097821000001,1292.0033869999997,0.32,0.31,5,0.01,True
664853,highest-temperature-in-shanghai-on-july-6-2026,2791330,highest-temperature-in-shanghai-on-july-6-2026-34c,Shanghai,ZSPD,"[34, 35) deg C (integer bucket by truncation contract)",34°C,https://www.wunderground.com/history/daily/cn/shanghai/ZSPD,wunderground_airport_history,21455.700353,12827.097821000001,1045.028222,0.39,0.36,5,0.01,True
664853,highest-temperature-in-shanghai-on-july-6-2026,2791331,highest-temperature-in-shanghai-on-july-6-2026-35c,Shanghai,ZSPD,"[35, 36) deg C (integer bucket by truncation contract)",35°C,https://www.wunderground.com/history/daily/cn/shanghai/ZSPD,wunderground_airport_history,21455.700353,12827.097821000001,1157.6210569999998,0.176,0.157,5,0.001,True
664853,highest-temperature-in-shanghai-on-july-6-2026,2791332,highest-temperature-in-shanghai-on-july-6-2026-36c,Shanghai,ZSPD,"[36, 37) deg C (integer bucket by truncation contract)",36°C,https://www.wunderground.com/history/daily/cn/shanghai/ZSPD,wunderground_airport_history,21455.700353,12827.097821000001,2908.110672,0.049,0.025,5,0.001,True
664853,highest-temperature-in-shanghai-on-july-6-2026,2791333,highest-temperature-in-shanghai-on-july-6-2026-37corhigher,Shanghai,ZSPD,>= 37 deg C,37°C or higher,https://www.wunderground.com/history/daily/cn/shanghai/ZSPD,wunderground_airport_history,21455.700353,12827.097821000001,1350.555177,0.01,0.007,5,0.001,True
664853,highest-temperature-in-shanghai-on-july-6-2026,2791323,highest-temperature-in-shanghai-on-july-6-2026-27corbelow,Shanghai,ZSPD,<= 27 deg C,27°C or below,https://www.wunderground.com/history/daily/cn/shanghai/ZSPD,wunderground_airport_history,21455.700353,12827.097821000001,2843.554849,0.001,,5,0.001,True
668424,highest-temperature-in-shanghai-on-july-7-2026,2802062,highest-temperature-in-shanghai-on-july-7-2026-37c,Shanghai,ZSPD,"[37, 38) deg C (integer bucket by truncation contract)",37°C,https://www.wunderground.com/history/daily/cn/shanghai/ZSPD,wunderground_airport_history,3510.950043,3074.138211,326.082,0.028,0.027,5,0.001,True
668424,highest-temperature-in-shanghai-on-july-7-2026,2802063,highest-temperature-in-shanghai-on-july-7-2026-38c,Shanghai,ZSPD,"[38, 39) deg C (integer bucket by truncation contract)",38°C,https://www.wunderground.com/history/daily/cn/shanghai/ZSPD,wunderground_airport_history,3510.950043,3074.138211,180.704428,0.011,0.01,5,0.001,True
668424,highest-temperature-in-shanghai-on-july-7-2026,2802064,highest-temperature-in-shanghai-on-july-7-2026-39corhigher,Shanghai,ZSPD,>= 39 deg C,39°C or higher,https://www.wunderground.com/history/daily/cn/shanghai/ZSPD,wunderground_airport_history,3510.950043,3074.138211,66.044,0.007,0.004,5,0.001,True
668424,highest-temperature-in-shanghai-on-july-7-2026,2802054,highest-temperature-in-shanghai-on-july-7-2026-29corbelow,Shanghai,ZSPD,<= 29 deg C,29°C or below,https://www.wunderground.com/history/daily/cn/shanghai/ZSPD,wunderground_airport_history,3510.950043,3074.138211,177.359666,0.004,0.003,5,0.001,True
668424,highest-temperature-in-shanghai-on-july-7-2026,2802055,highest-temperature-in-shanghai-on-july-7-2026-30c,Shanghai,ZSPD,"[30, 31) deg C (integer bucket by truncation contract)",30°C,https://www.wunderground.com/history/daily/cn/shanghai/ZSPD,wunderground_airport_history,3510.950043,3074.138211,412.289,0.008,0.005,5,0.001,True
668424,highest-temperature-in-shanghai-on-july-7-2026,2802056,highest-temperature-in-shanghai-on-july-7-2026-31c,Shanghai,ZSPD,"[31, 32) deg C (integer bucket by truncation contract)",31°C,https://www.wunderground.com/history/daily/cn/shanghai/ZSPD,wunderground_airport_history,3510.950043,3074.138211,473.3909,0.019,0.015,5,0.001,True
668424,highest-temperature-in-shanghai-on-july-7-2026,2802057,highest-temperature-in-shanghai-on-july-7-2026-32c,Shanghai,ZSPD,"[32, 33) deg C (integer bucket by truncation contract)",32°C,https://www.wunderground.com/history/daily/cn/shanghai/ZSPD,wunderground_airport_history,3510.950043,3074.138211,603.140904,0.064,0.05,5,0.001,True
668424,highest-temperature-in-shanghai-on-july-7-2026,2802058,highest-temperature-in-shanghai-on-july-7-2026-33c,Shanghai,ZSPD,"[33, 34) deg C (integer bucket by truncation contract)",33°C,https://www.wunderground.com/history/daily/cn/shanghai/ZSPD,wunderground_airport_history,3510.950043,3074.138211,381.063253,0.19,0.18,5,0.01,True
668424,highest-temperature-in-shanghai-on-july-7-2026,2802059,highest-temperature-in-shanghai-on-july-7-2026-34c,Shanghai,ZSPD,"[34, 35) deg C (integer bucket by truncation contract)",34°C,https://www.wunderground.com/history/daily/cn/shanghai/ZSPD,wunderground_airport_history,3510.950043,3074.138211,223.750594,0.28,0.27,5,0.01,True
668424,highest-temperature-in-shanghai-on-july-7-2026,2802060,highest-temperature-in-shanghai-on-july-7-2026-35c,Shanghai,ZSPD,"[35, 36) deg C (integer bucket by truncation contract)",35°C,https://www.wunderground.com/history/daily/cn/shanghai/ZSPD,wunderground_airport_history,3510.950043,3074.138211,425.05748,0.29,0.28,5,0.01,True
668424,highest-temperature-in-shanghai-on-july-7-2026,2802061,highest-temperature-in-shanghai-on-july-7-2026-36c,Shanghai,ZSPD,"[36, 37) deg C (integer bucket by truncation contract)",36°C,https://www.wunderground.com/history/daily/cn/shanghai/ZSPD,wunderground_airport_history,3510.950043,3074.138211,242.067818,0.18,0.15,5,0.01,True
661259,highest-temperature-in-beijing-on-july-5-2026,2778850,highest-temperature-in-beijing-on-july-5-2026-26c,Beijing,ZBAA,"[26, 27) deg C (integer bucket by truncation contract)",26°C,https://www.wunderground.com/history/daily/cn/beijing/ZBAA,wunderground_airport_history,111713.676445,63426.590477,2116.272241,0.001,,5,0.001,True
661259,highest-temperature-in-beijing-on-july-5-2026,2778859,highest-temperature-in-beijing-on-july-5-2026-35corhigher,Beijing,ZBAA,>= 35 deg C,35°C or higher,https://www.wunderground.com/history/daily/cn/beijing/ZBAA,wunderground_airport_history,111713.676445,63426.590477,17486.997322000003,0.002,,5,0.001,True
661259,highest-temperature-in-beijing-on-july-5-2026,2778849,highest-temperature-in-beijing-on-july-5-2026-25corbelow,Beijing,ZBAA,<= 25 deg C,25°C or below,https://www.wunderground.com/history/daily/cn/beijing/ZBAA,wunderground_airport_history,111713.676445,63426.590477,2364.8189999999995,0.001,,5,0.001,True
661259,highest-temperature-in-beijing-on-july-5-2026,2778851,highest-temperature-in-beijing-on-july-5-2026-27c,Beijing,ZBAA,"[27, 28) deg C (integer bucket by truncation contract)",27°C,https://www.wunderground.com/history/daily/cn/beijing/ZBAA,wunderground_airport_history,111713.676445,63426.590477,2832.819,0.001,,5,0.001,True
661259,highest-temperature-in-beijing-on-july-5-2026,2778852,highest-temperature-in-beijing-on-july-5-2026-28c,Beijing,ZBAA,"[28, 29) deg C (integer bucket by truncation contract)",28°C,https://www.wunderground.com/history/daily/cn/beijing/ZBAA,wunderground_airport_history,111713.676445,63426.590477,7545.987797,0.001,,5,0.001,True
661259,highest-temperature-in-beijing-on-july-5-2026,2778853,highest-temperature-in-beijing-on-july-5-2026-29c,Beijing,ZBAA,"[29, 30) deg C (integer bucket by truncation contract)",29°C,https://www.wunderground.com/history/daily/cn/beijing/ZBAA,wunderground_airport_history,111713.676445,63426.590477,3592.4955610000006,0.001,,5,0.001,True
661259,highest-temperature-in-beijing-on-july-5-2026,2778854,highest-temperature-in-beijing-on-july-5-2026-30c,Beijing,ZBAA,"[30, 31) deg C (integer bucket by truncation contract)",30°C,https://www.wunderground.com/history/daily/cn/beijing/ZBAA,wunderground_airport_history,111713.676445,63426.590477,5039.348667000001,0.001,,5,0.001,True
661259,highest-temperature-in-beijing-on-july-5-2026,2778855,highest-temperature-in-beijing-on-july-5-2026-31c,Beijing,ZBAA,"[31, 32) deg C (integer bucket by truncation contract)",31°C,https://www.wunderground.com/history/daily/cn/beijing/ZBAA,wunderground_airport_history,111713.676445,63426.590477,5822.114566000001,0.001,,5,0.001,True
661259,highest-temperature-in-beijing-on-july-5-2026,2778856,highest-temperature-in-beijing-on-july-5-2026-32c,Beijing,ZBAA,"[32, 33) deg C (integer bucket by truncation contract)",32°C,https://www.wunderground.com/history/daily/cn/beijing/ZBAA,wunderground_airport_history,111713.676445,63426.590477,21392.757333999994,0.001,,5,0.001,True
661259,highest-temperature-in-beijing-on-july-5-2026,2778857,highest-temperature-in-beijing-on-july-5-2026-33c,Beijing,ZBAA,"[33, 34) deg C (integer bucket by truncation contract)",33°C,https://www.wunderground.com/history/daily/cn/beijing/ZBAA,wunderground_airport_history,111713.676445,63426.590477,28271.901844999997,0.002,,5,0.001,True
661259,highest-temperature-in-beijing-on-july-5-2026,2778858,highest-temperature-in-beijing-on-july-5-2026-34c,Beijing,ZBAA,"[34, 35) deg C (integer bucket by truncation contract)",34°C,https://www.wunderground.com/history/daily/cn/beijing/ZBAA,wunderground_airport_history,111713.676445,63426.590477,15391.053112000007,1,0.993,5,0.001,True
664864,highest-temperature-in-beijing-on-july-6-2026,2791377,highest-temperature-in-beijing-on-july-6-2026-29corbelow,Beijing,ZBAA,<= 29 deg C,29°C or below,https://www.wunderground.com/history/daily/cn/beijing/ZBAA,wunderground_airport_history,13642.269812,8304.478936,1279.5587649999998,0.008,0.004,5,0.001,True
664864,highest-temperature-in-beijing-on-july-6-2026,2791378,highest-temperature-in-beijing-on-july-6-2026-30c,Beijing,ZBAA,"[30, 31) deg C (integer bucket by truncation contract)",30°C,https://www.wunderground.com/history/daily/cn/beijing/ZBAA,wunderground_airport_history,13642.269812,8304.478936,542.7243569999999,0.018,0.011,5,0.001,True
664864,highest-temperature-in-beijing-on-july-6-2026,2791379,highest-temperature-in-beijing-on-july-6-2026-31c,Beijing,ZBAA,"[31, 32) deg C (integer bucket by truncation contract)",31°C,https://www.wunderground.com/history/daily/cn/beijing/ZBAA,wunderground_airport_history,13642.269812,8304.478936,2713.9905030000004,0.06,0.05,5,0.01,True
664864,highest-temperature-in-beijing-on-july-6-2026,2791380,highest-temperature-in-beijing-on-july-6-2026-32c,Beijing,ZBAA,"[32, 33) deg C (integer bucket by truncation contract)",32°C,https://www.wunderground.com/history/daily/cn/beijing/ZBAA,wunderground_airport_history,13642.269812,8304.478936,1689.0119190000003,0.25,0.2,5,0.01,True
664864,highest-temperature-in-beijing-on-july-6-2026,2791381,highest-temperature-in-beijing-on-july-6-2026-33c,Beijing,ZBAA,"[33, 34) deg C (integer bucket by truncation contract)",33°C,https://www.wunderground.com/history/daily/cn/beijing/ZBAA,wunderground_airport_history,13642.269812,8304.478936,1152.6459220000002,0.36,0.33,5,0.01,True
664864,highest-temperature-in-beijing-on-july-6-2026,2791382,highest-temperature-in-beijing-on-july-6-2026-34c,Beijing,ZBAA,"[34, 35) deg C (integer bucket by truncation contract)",34°C,https://www.wunderground.com/history/daily/cn/beijing/ZBAA,wunderground_airport_history,13642.269812,8304.478936,2768.1694140000004,0.32,0.3,5,0.01,True
664864,highest-temperature-in-beijing-on-july-6-2026,2791383,highest-temperature-in-beijing-on-july-6-2026-35c,Beijing,ZBAA,"[35, 36) deg C (integer bucket by truncation contract)",35°C,https://www.wunderground.com/history/daily/cn/beijing/ZBAA,wunderground_airport_history,13642.269812,8304.478936,1203.852417,0.058,0.04,5,0.001,True
664864,highest-temperature-in-beijing-on-july-6-2026,2791384,highest-temperature-in-beijing-on-july-6-2026-36c,Beijing,ZBAA,"[36, 37) deg C (integer bucket by truncation contract)",36°C,https://www.wunderground.com/history/daily/cn/beijing/ZBAA,wunderground_airport_history,13642.269812,8304.478936,912.849015,0.02,0.016,5,0.001,True
664864,highest-temperature-in-beijing-on-july-6-2026,2791385,highest-temperature-in-beijing-on-july-6-2026-37c,Beijing,ZBAA,"[37, 38) deg C (integer bucket by truncation contract)",37°C,https://www.wunderground.com/history/daily/cn/beijing/ZBAA,wunderground_airport_history,13642.269812,8304.478936,865.4580000000001,0.009,0.004,5,0.001,True
664864,highest-temperature-in-beijing-on-july-6-2026,2791386,highest-temperature-in-beijing-on-july-6-2026-38c,Beijing,ZBAA,"[38, 39) deg C (integer bucket by truncation contract)",38°C,https://www.wunderground.com/history/daily/cn/beijing/ZBAA,wunderground_airport_history,13642.269812,8304.478936,104.9895,0.004,0.001,5,0.001,True
664864,highest-temperature-in-beijing-on-july-6-2026,2791387,highest-temperature-in-beijing-on-july-6-2026-39corhigher,Beijing,ZBAA,>= 39 deg C,39°C or higher,https://www.wunderground.com/history/daily/cn/beijing/ZBAA,wunderground_airport_history,13642.269812,8304.478936,409.02,0.004,0.001,5,0.001,True
668431,highest-temperature-in-beijing-on-july-7-2026,2802132,highest-temperature-in-beijing-on-july-7-2026-28corbelow,Beijing,ZBAA,<= 28 deg C,28°C or below,https://www.wunderground.com/history/daily/cn/beijing/ZBAA,wunderground_airport_history,2500.974093,2195.176708,63.45100000000001,0.013,0.006,5,0.001,True
668431,highest-temperature-in-beijing-on-july-7-2026,2802133,highest-temperature-in-beijing-on-july-7-2026-29c,Beijing,ZBAA,"[29, 30) deg C (integer bucket by truncation contract)",29°C,https://www.wunderground.com/history/daily/cn/beijing/ZBAA,wunderground_airport_history,2500.974093,2195.176708,277.533385,0.055,0.044,5,0.001,True
668431,highest-temperature-in-beijing-on-july-7-2026,2802134,highest-temperature-in-beijing-on-july-7-2026-30c,Beijing,ZBAA,"[30, 31) deg C (integer bucket by truncation contract)",30°C,https://www.wunderground.com/history/daily/cn/beijing/ZBAA,wunderground_airport_history,2500.974093,2195.176708,53.678203,0.14,0.13,5,0.01,True
668431,highest-temperature-in-beijing-on-july-7-2026,2802135,highest-temperature-in-beijing-on-july-7-2026-31c,Beijing,ZBAA,"[31, 32) deg C (integer bucket by truncation contract)",31°C,https://www.wunderground.com/history/daily/cn/beijing/ZBAA,wunderground_airport_history,2500.974093,2195.176708,81.003947,0.25,0.2,5,0.01,True
668431,highest-temperature-in-beijing-on-july-7-2026,2802136,highest-temperature-in-beijing-on-july-7-2026-32c,Beijing,ZBAA,"[32, 33) deg C (integer bucket by truncation contract)",32°C,https://www.wunderground.com/history/daily/cn/beijing/ZBAA,wunderground_airport_history,2500.974093,2195.176708,369.318972,0.32,0.28,5,0.01,True
668431,highest-temperature-in-beijing-on-july-7-2026,2802137,highest-temperature-in-beijing-on-july-7-2026-33c,Beijing,ZBAA,"[33, 34) deg C (integer bucket by truncation contract)",33°C,https://www.wunderground.com/history/daily/cn/beijing/ZBAA,wunderground_airport_history,2500.974093,2195.176708,104.18139,0.25,0.24,5,0.01,True
668431,highest-temperature-in-beijing-on-july-7-2026,2802138,highest-temperature-in-beijing-on-july-7-2026-34c,Beijing,ZBAA,"[34, 35) deg C (integer bucket by truncation contract)",34°C,https://www.wunderground.com/history/daily/cn/beijing/ZBAA,wunderground_airport_history,2500.974093,2195.176708,368.926358,0.09,0.06,5,0.01,True
668431,highest-temperature-in-beijing-on-july-7-2026,2802139,highest-temperature-in-beijing-on-july-7-2026-35c,Beijing,ZBAA,"[35, 36) deg C (integer bucket by truncation contract)",35°C,https://www.wunderground.com/history/daily/cn/beijing/ZBAA,wunderground_airport_history,2500.974093,2195.176708,421.33723799999996,0.023,0.016,5,0.001,True
668431,highest-temperature-in-beijing-on-july-7-2026,2802140,highest-temperature-in-beijing-on-july-7-2026-36c,Beijing,ZBAA,"[36, 37) deg C (integer bucket by truncation contract)",36°C,https://www.wunderground.com/history/daily/cn/beijing/ZBAA,wunderground_airport_history,2500.974093,2195.176708,263.7866,0.015,0.01,5,0.001,True
668431,highest-temperature-in-beijing-on-july-7-2026,2802141,highest-temperature-in-beijing-on-july-7-2026-37c,Beijing,ZBAA,"[37, 38) deg C (integer bucket by truncation contract)",37°C,https://www.wunderground.com/history/daily/cn/beijing/ZBAA,wunderground_airport_history,2500.974093,2195.176708,22.636000000000003,0.006,0.003,5,0.001,True
668431,highest-temperature-in-beijing-on-july-7-2026,2802142,highest-temperature-in-beijing-on-july-7-2026-38corhigher,Beijing,ZBAA,>= 38 deg C,38°C or higher,https://www.wunderground.com/history/daily/cn/beijing/ZBAA,wunderground_airport_history,2500.974093,2195.176708,475.121,0.003,0.001,5,0.001,True
657477,highest-temperature-in-hong-kong-on-july-4-2026,2764599,highest-temperature-in-hong-kong-on-july-4-2026-33corhigher,Hong Kong,HKO,>= 33 deg C,33°C or higher,,hong_kong_observatory_daily_extract,23863.982952000002,75398.459151,2298.3,0.001,,5,0.001,True
657477,highest-temperature-in-hong-kong-on-july-4-2026,2764589,highest-temperature-in-hong-kong-on-july-4-2026-23corbelow,Hong Kong,HKO,<= 23 deg C,23°C or below,,hong_kong_observatory_daily_extract,23863.982952000002,75398.459151,16.46,0.001,,5,0.001,True
657477,highest-temperature-in-hong-kong-on-july-4-2026,2764590,highest-temperature-in-hong-kong-on-july-4-2026-24c,Hong Kong,HKO,"[24, 25) deg C (integer bucket by truncation contract)",24°C,,hong_kong_observatory_daily_extract,23863.982952000002,75398.459151,2.5,0.001,,5,0.001,True
657477,highest-temperature-in-hong-kong-on-july-4-2026,2764591,highest-temperature-in-hong-kong-on-july-4-2026-25c,Hong Kong,HKO,"[25, 26) deg C (integer bucket by truncation contract)",25°C,,hong_kong_observatory_daily_extract,23863.982952000002,75398.459151,12.57,0.001,,5,0.001,True
657477,highest-temperature-in-hong-kong-on-july-4-2026,2764592,highest-temperature-in-hong-kong-on-july-4-2026-26c,Hong Kong,HKO,"[26, 27) deg C (integer bucket by truncation contract)",26°C,,hong_kong_observatory_daily_extract,23863.982952000002,75398.459151,54.01,0.001,,5,0.001,True
657477,highest-temperature-in-hong-kong-on-july-4-2026,2764593,highest-temperature-in-hong-kong-on-july-4-2026-27c,Hong Kong,HKO,"[27, 28) deg C (integer bucket by truncation contract)",27°C,,hong_kong_observatory_daily_extract,23863.982952000002,75398.459151,202.37,0.001,,5,0.001,True
657477,highest-temperature-in-hong-kong-on-july-4-2026,2764594,highest-temperature-in-hong-kong-on-july-4-2026-28c,Hong Kong,HKO,"[28, 29) deg C (integer bucket by truncation contract)",28°C,,hong_kong_observatory_daily_extract,23863.982952000002,75398.459151,3733.5014360000005,0.002,,5,0.001,True
657477,highest-temperature-in-hong-kong-on-july-4-2026,2764595,highest-temperature-in-hong-kong-on-july-4-2026-29c,Hong Kong,HKO,"[29, 30) deg C (integer bucket by truncation contract)",29°C,,hong_kong_observatory_daily_extract,23863.982952000002,75398.459151,146.07000000000002,0.001,,5,0.001,True
657477,highest-temperature-in-hong-kong-on-july-4-2026,2764596,highest-temperature-in-hong-kong-on-july-4-2026-30c,Hong Kong,HKO,"[30, 31) deg C (integer bucket by truncation contract)",30°C,,hong_kong_observatory_daily_extract,23863.982952000002,75398.459151,1383.486665,0.002,,5,0.001,True
657477,highest-temperature-in-hong-kong-on-july-4-2026,2764597,highest-temperature-in-hong-kong-on-july-4-2026-31c,Hong Kong,HKO,"[31, 32) deg C (integer bucket by truncation contract)",31°C,,hong_kong_observatory_daily_extract,23863.982952000002,75398.459151,2994.699351,0.002,,5,0.001,True
657477,highest-temperature-in-hong-kong-on-july-4-2026,2764598,highest-temperature-in-hong-kong-on-july-4-2026-32c,Hong Kong,HKO,"[32, 33) deg C (integer bucket by truncation contract)",32°C,,hong_kong_observatory_daily_extract,23863.982952000002,75398.459151,13020.0155,1,0.998,5,0.001,True
661251,highest-temperature-in-hong-kong-on-july-5-2026,2778761,highest-temperature-in-hong-kong-on-july-5-2026-24corbelow,Hong Kong,HKO,<= 24 deg C,24°C or below,,hong_kong_observatory_daily_extract,160753.57509700002,57446.414898,1017.915,0.001,,5,0.001,True
661251,highest-temperature-in-hong-kong-on-july-5-2026,2778762,highest-temperature-in-hong-kong-on-july-5-2026-25c,Hong Kong,HKO,"[25, 26) deg C (integer bucket by truncation contract)",25°C,,hong_kong_observatory_daily_extract,160753.57509700002,57446.414898,2188.847665,0.001,,5,0.001,True
661251,highest-temperature-in-hong-kong-on-july-5-2026,2778763,highest-temperature-in-hong-kong-on-july-5-2026-26c,Hong Kong,HKO,"[26, 27) deg C (integer bucket by truncation contract)",26°C,,hong_kong_observatory_daily_extract,160753.57509700002,57446.414898,6312.045762999999,0.001,,5,0.001,True
661251,highest-temperature-in-hong-kong-on-july-5-2026,2778764,highest-temperature-in-hong-kong-on-july-5-2026-27c,Hong Kong,HKO,"[27, 28) deg C (integer bucket by truncation contract)",27°C,,hong_kong_observatory_daily_extract,160753.57509700002,57446.414898,3950.953544,0.001,,5,0.001,True
661251,highest-temperature-in-hong-kong-on-july-5-2026,2778765,highest-temperature-in-hong-kong-on-july-5-2026-28c,Hong Kong,HKO,"[28, 29) deg C (integer bucket by truncation contract)",28°C,,hong_kong_observatory_daily_extract,160753.57509700002,57446.414898,10561.263369,0.001,,5,0.001,True
661251,highest-temperature-in-hong-kong-on-july-5-2026,2778766,highest-temperature-in-hong-kong-on-july-5-2026-29c,Hong Kong,HKO,"[29, 30) deg C (integer bucket by truncation contract)",29°C,,hong_kong_observatory_daily_extract,160753.57509700002,57446.414898,13483.256477000003,0.001,,5,0.001,True
661251,highest-temperature-in-hong-kong-on-july-5-2026,2778767,highest-temperature-in-hong-kong-on-july-5-2026-30c,Hong Kong,HKO,"[30, 31) deg C (integer bucket by truncation contract)",30°C,,hong_kong_observatory_daily_extract,160753.57509700002,57446.414898,19942.733160999996,0.001,,5,0.001,True
661251,highest-temperature-in-hong-kong-on-july-5-2026,2778768,highest-temperature-in-hong-kong-on-july-5-2026-31c,Hong Kong,HKO,"[31, 32) deg C (integer bucket by truncation contract)",31°C,,hong_kong_observatory_daily_extract,160753.57509700002,57446.414898,17630.148361000003,0.001,,5,0.001,True
661251,highest-temperature-in-hong-kong-on-july-5-2026,2778769,highest-temperature-in-hong-kong-on-july-5-2026-32c,Hong Kong,HKO,"[32, 33) deg C (integer bucket by truncation contract)",32°C,,hong_kong_observatory_daily_extract,160753.57509700002,57446.414898,34283.816006999994,0.002,,5,0.001,True
661251,highest-temperature-in-hong-kong-on-july-5-2026,2778770,highest-temperature-in-hong-kong-on-july-5-2026-33c,Hong Kong,HKO,"[33, 34) deg C (integer bucket by truncation contract)",33°C,,hong_kong_observatory_daily_extract,160753.57509700002,57446.414898,23176.66771900001,0.998,0.997,5,0.001,True
661251,highest-temperature-in-hong-kong-on-july-5-2026,2778771,highest-temperature-in-hong-kong-on-july-5-2026-34corhigher,Hong Kong,HKO,>= 34 deg C,34°C or higher,,hong_kong_observatory_daily_extract,160753.57509700002,57446.414898,28205.92803100001,0.001,,5,0.001,True
664852,highest-temperature-in-hong-kong-on-july-6-2026,2791312,highest-temperature-in-hong-kong-on-july-6-2026-24corbelow,Hong Kong,HKO,<= 24 deg C,24°C or below,,hong_kong_observatory_daily_extract,26417.871679999997,12637.805883,2036.393,0.002,0.001,5,0.001,True
664852,highest-temperature-in-hong-kong-on-july-6-2026,2791313,highest-temperature-in-hong-kong-on-july-6-2026-25c,Hong Kong,HKO,"[25, 26) deg C (integer bucket by truncation contract)",25°C,,hong_kong_observatory_daily_extract,26417.871679999997,12637.805883,2022.195427,0.002,0.001,5,0.001,True
664852,highest-temperature-in-hong-kong-on-july-6-2026,2791314,highest-temperature-in-hong-kong-on-july-6-2026-26c,Hong Kong,HKO,"[26, 27) deg C (integer bucket by truncation contract)",26°C,,hong_kong_observatory_daily_extract,26417.871679999997,12637.805883,1286.344914,0.005,0.001,5,0.001,True
664852,highest-temperature-in-hong-kong-on-july-6-2026,2791315,highest-temperature-in-hong-kong-on-july-6-2026-27c,Hong Kong,HKO,"[27, 28) deg C (integer bucket by truncation contract)",27°C,,hong_kong_observatory_daily_extract,26417.871679999997,12637.805883,1063.896331,0.002,0.001,5,0.001,True
664852,highest-temperature-in-hong-kong-on-july-6-2026,2791316,highest-temperature-in-hong-kong-on-july-6-2026-28c,Hong Kong,HKO,"[28, 29) deg C (integer bucket by truncation contract)",28°C,,hong_kong_observatory_daily_extract,26417.871679999997,12637.805883,1547.987164,0.005,0.003,5,0.001,True
664852,highest-temperature-in-hong-kong-on-july-6-2026,2791317,highest-temperature-in-hong-kong-on-july-6-2026-29c,Hong Kong,HKO,"[29, 30) deg C (integer bucket by truncation contract)",29°C,,hong_kong_observatory_daily_extract,26417.871679999997,12637.805883,2139.338203,0.052,0.02,5,0.001,True
664852,highest-temperature-in-hong-kong-on-july-6-2026,2791318,highest-temperature-in-hong-kong-on-july-6-2026-30c,Hong Kong,HKO,"[30, 31) deg C (integer bucket by truncation contract)",30°C,,hong_kong_observatory_daily_extract,26417.871679999997,12637.805883,3653.3802839999994,0.12,0.09,5,0.01,True
664852,highest-temperature-in-hong-kong-on-july-6-2026,2791319,highest-temperature-in-hong-kong-on-july-6-2026-31c,Hong Kong,HKO,"[31, 32) deg C (integer bucket by truncation contract)",31°C,,hong_kong_observatory_daily_extract,26417.871679999997,12637.805883,2316.6647809999995,0.38,0.35,5,0.01,True
664852,highest-temperature-in-hong-kong-on-july-6-2026,2791320,highest-temperature-in-hong-kong-on-july-6-2026-32c,Hong Kong,HKO,"[32, 33) deg C (integer bucket by truncation contract)",32°C,,hong_kong_observatory_daily_extract,26417.871679999997,12637.805883,4562.449493,0.37,0.35,5,0.01,True
664852,highest-temperature-in-hong-kong-on-july-6-2026,2791321,highest-temperature-in-hong-kong-on-july-6-2026-33c,Hong Kong,HKO,"[33, 34) deg C (integer bucket by truncation contract)",33°C,,hong_kong_observatory_daily_extract,26417.871679999997,12637.805883,3261.660077,0.147,0.141,5,0.001,True
664852,highest-temperature-in-hong-kong-on-july-6-2026,2791322,highest-temperature-in-hong-kong-on-july-6-2026-34corhigher,Hong Kong,HKO,>= 34 deg C,34°C or higher,,hong_kong_observatory_daily_extract,26417.871679999997,12637.805883,2552.521156,0.055,0.024,5,0.001,True
668423,highest-temperature-in-hong-kong-on-july-7-2026,2802043,highest-temperature-in-hong-kong-on-july-7-2026-23corbelow,Hong Kong,HKO,<= 23 deg C,23°C or below,,hong_kong_observatory_daily_extract,2811.851775,2471.5704640000004,269.922666,0.004,0.001,5,0.001,True
668423,highest-temperature-in-hong-kong-on-july-7-2026,2802044,highest-temperature-in-hong-kong-on-july-7-2026-24c,Hong Kong,HKO,"[24, 25) deg C (integer bucket by truncation contract)",24°C,,hong_kong_observatory_daily_extract,2811.851775,2471.5704640000004,41.042,0.004,0.002,5,0.001,True
668423,highest-temperature-in-hong-kong-on-july-7-2026,2802045,highest-temperature-in-hong-kong-on-july-7-2026-25c,Hong Kong,HKO,"[25, 26) deg C (integer bucket by truncation contract)",25°C,,hong_kong_observatory_daily_extract,2811.851775,2471.5704640000004,37.034,0.004,0.002,5,0.001,True
668423,highest-temperature-in-hong-kong-on-july-7-2026,2802046,highest-temperature-in-hong-kong-on-july-7-2026-26c,Hong Kong,HKO,"[26, 27) deg C (integer bucket by truncation contract)",26°C,,hong_kong_observatory_daily_extract,2811.851775,2471.5704640000004,237.905665,0.005,0.002,5,0.001,True
668423,highest-temperature-in-hong-kong-on-july-7-2026,2802047,highest-temperature-in-hong-kong-on-july-7-2026-27c,Hong Kong,HKO,"[27, 28) deg C (integer bucket by truncation contract)",27°C,,hong_kong_observatory_daily_extract,2811.851775,2471.5704640000004,1034.9909,0.008,0.003,5,0.001,True
668423,highest-temperature-in-hong-kong-on-july-7-2026,2802048,highest-temperature-in-hong-kong-on-july-7-2026-28c,Hong Kong,HKO,"[28, 29) deg C (integer bucket by truncation contract)",28°C,,hong_kong_observatory_daily_extract,2811.851775,2471.5704640000004,522.7912,0.02,0.01,5,0.001,True
668423,highest-temperature-in-hong-kong-on-july-7-2026,2802049,highest-temperature-in-hong-kong-on-july-7-2026-29c,Hong Kong,HKO,"[29, 30) deg C (integer bucket by truncation contract)",29°C,,hong_kong_observatory_daily_extract,2811.851775,2471.5704640000004,199.616355,0.14,0.11,5,0.01,True
668423,highest-temperature-in-hong-kong-on-july-7-2026,2802050,highest-temperature-in-hong-kong-on-july-7-2026-30c,Hong Kong,HKO,"[30, 31) deg C (integer bucket by truncation contract)",30°C,,hong_kong_observatory_daily_extract,2811.851775,2471.5704640000004,174.797412,0.37,0.34,5,0.01,True
668423,highest-temperature-in-hong-kong-on-july-7-2026,2802051,highest-temperature-in-hong-kong-on-july-7-2026-31c,Hong Kong,HKO,"[31, 32) deg C (integer bucket by truncation contract)",31°C,,hong_kong_observatory_daily_extract,2811.851775,2471.5704640000004,96.29923399999998,0.35,0.34,5,0.01,True
668423,highest-temperature-in-hong-kong-on-july-7-2026,2802052,highest-temperature-in-hong-kong-on-july-7-2026-32c,Hong Kong,HKO,"[32, 33) deg C (integer bucket by truncation contract)",32°C,,hong_kong_observatory_daily_extract,2811.851775,2471.5704640000004,62.638739,0.133,0.122,5,0.001,True
668423,highest-temperature-in-hong-kong-on-july-7-2026,2802053,highest-temperature-in-hong-kong-on-july-7-2026-33corhigher,Hong Kong,HKO,>= 33 deg C,33°C or higher,,hong_kong_observatory_daily_extract,2811.851775,2471.5704640000004,134.813604,0.048,0.04,5,0.001,True
661250,highest-temperature-in-tokyo-on-july-5-2026,2778750,highest-temperature-in-tokyo-on-july-5-2026-21corbelow,Tokyo,RJTT,<= 21 deg C,21°C or below,https://www.wunderground.com/history/daily/jp/tokyo/RJTT,wunderground_airport_history,113359.493201,68138.831471,2690.574,0.001,,5,0.001,True
661250,highest-temperature-in-tokyo-on-july-5-2026,2778751,highest-temperature-in-tokyo-on-july-5-2026-22c,Tokyo,RJTT,"[22, 23) deg C (integer bucket by truncation contract)",22°C,https://www.wunderground.com/history/daily/jp/tokyo/RJTT,wunderground_airport_history,113359.493201,68138.831471,4622.4775,0.001,,5,0.001,True
661250,highest-temperature-in-tokyo-on-july-5-2026,2778752,highest-temperature-in-tokyo-on-july-5-2026-23c,Tokyo,RJTT,"[23, 24) deg C (integer bucket by truncation contract)",23°C,https://www.wunderground.com/history/daily/jp/tokyo/RJTT,wunderground_airport_history,113359.493201,68138.831471,14680.796153,0.001,,5,0.001,True
661250,highest-temperature-in-tokyo-on-july-5-2026,2778753,highest-temperature-in-tokyo-on-july-5-2026-24c,Tokyo,RJTT,"[24, 25) deg C (integer bucket by truncation contract)",24°C,https://www.wunderground.com/history/daily/jp/tokyo/RJTT,wunderground_airport_history,113359.493201,68138.831471,11213.111123000002,0.001,,5,0.001,True
661250,highest-temperature-in-tokyo-on-july-5-2026,2778754,highest-temperature-in-tokyo-on-july-5-2026-25c,Tokyo,RJTT,"[25, 26) deg C (integer bucket by truncation contract)",25°C,https://www.wunderground.com/history/daily/jp/tokyo/RJTT,wunderground_airport_history,113359.493201,68138.831471,25117.499201,0.001,,5,0.001,True
661250,highest-temperature-in-tokyo-on-july-5-2026,2778755,highest-temperature-in-tokyo-on-july-5-2026-26c,Tokyo,RJTT,"[26, 27) deg C (integer bucket by truncation contract)",26°C,https://www.wunderground.com/history/daily/jp/tokyo/RJTT,wunderground_airport_history,113359.493201,68138.831471,15025.084649,1,0.999,5,0.001,True
661250,highest-temperature-in-tokyo-on-july-5-2026,2778756,highest-temperature-in-tokyo-on-july-5-2026-27c,Tokyo,RJTT,"[27, 28) deg C (integer bucket by truncation contract)",27°C,https://www.wunderground.com/history/daily/jp/tokyo/RJTT,wunderground_airport_history,113359.493201,68138.831471,10355.057669,0.001,,5,0.001,True
661250,highest-temperature-in-tokyo-on-july-5-2026,2778757,highest-temperature-in-tokyo-on-july-5-2026-28c,Tokyo,RJTT,"[28, 29) deg C (integer bucket by truncation contract)",28°C,https://www.wunderground.com/history/daily/jp/tokyo/RJTT,wunderground_airport_history,113359.493201,68138.831471,10343.303272000001,0.001,,5,0.001,True
661250,highest-temperature-in-tokyo-on-july-5-2026,2778758,highest-temperature-in-tokyo-on-july-5-2026-29c,Tokyo,RJTT,"[29, 30) deg C (integer bucket by truncation contract)",29°C,https://www.wunderground.com/history/daily/jp/tokyo/RJTT,wunderground_airport_history,113359.493201,68138.831471,9556.049439999999,0.001,,5,0.001,True
661250,highest-temperature-in-tokyo-on-july-5-2026,2778759,highest-temperature-in-tokyo-on-july-5-2026-30c,Tokyo,RJTT,"[30, 31) deg C (integer bucket by truncation contract)",30°C,https://www.wunderground.com/history/daily/jp/tokyo/RJTT,wunderground_airport_history,113359.493201,68138.831471,5542.446635,0.001,,5,0.001,True
661250,highest-temperature-in-tokyo-on-july-5-2026,2778760,highest-temperature-in-tokyo-on-july-5-2026-31corhigher,Tokyo,RJTT,>= 31 deg C,31°C or higher,https://www.wunderground.com/history/daily/jp/tokyo/RJTT,wunderground_airport_history,113359.493201,68138.831471,4213.093559,0.001,,5,0.001,True
664851,highest-temperature-in-tokyo-on-july-6-2026,2791301,highest-temperature-in-tokyo-on-july-6-2026-19corbelow,Tokyo,RJTT,<= 19 deg C,19°C or below,https://www.wunderground.com/history/daily/jp/tokyo/RJTT,wunderground_airport_history,31908.414396,22806.705018,2684.836505,0.004,0.001,5,0.001,True
664851,highest-temperature-in-tokyo-on-july-6-2026,2791302,highest-temperature-in-tokyo-on-july-6-2026-20c,Tokyo,RJTT,"[20, 21) deg C (integer bucket by truncation contract)",20°C,https://www.wunderground.com/history/daily/jp/tokyo/RJTT,wunderground_airport_history,31908.414396,22806.705018,4437.0492,0.003,,5,0.001,True
664851,highest-temperature-in-tokyo-on-july-6-2026,2791303,highest-temperature-in-tokyo-on-july-6-2026-21c,Tokyo,RJTT,"[21, 22) deg C (integer bucket by truncation contract)",21°C,https://www.wunderground.com/history/daily/jp/tokyo/RJTT,wunderground_airport_history,31908.414396,22806.705018,2432.073966,0.004,0.001,5,0.001,True
664851,highest-temperature-in-tokyo-on-july-6-2026,2791304,highest-temperature-in-tokyo-on-july-6-2026-22c,Tokyo,RJTT,"[22, 23) deg C (integer bucket by truncation contract)",22°C,https://www.wunderground.com/history/daily/jp/tokyo/RJTT,wunderground_airport_history,31908.414396,22806.705018,3431.473452,0.003,0.002,5,0.001,True
664851,highest-temperature-in-tokyo-on-july-6-2026,2791305,highest-temperature-in-tokyo-on-july-6-2026-23c,Tokyo,RJTT,"[23, 24) deg C (integer bucket by truncation contract)",23°C,https://www.wunderground.com/history/daily/jp/tokyo/RJTT,wunderground_airport_history,31908.414396,22806.705018,4078.4456680000003,0.022,0.02,5,0.001,True
664851,highest-temperature-in-tokyo-on-july-6-2026,2791306,highest-temperature-in-tokyo-on-july-6-2026-24c,Tokyo,RJTT,"[24, 25) deg C (integer bucket by truncation contract)",24°C,https://www.wunderground.com/history/daily/jp/tokyo/RJTT,wunderground_airport_history,31908.414396,22806.705018,2525.9120219999995,0.13,0.11,5,0.01,True
664851,highest-temperature-in-tokyo-on-july-6-2026,2791307,highest-temperature-in-tokyo-on-july-6-2026-25c,Tokyo,RJTT,"[25, 26) deg C (integer bucket by truncation contract)",25°C,https://www.wunderground.com/history/daily/jp/tokyo/RJTT,wunderground_airport_history,31908.414396,22806.705018,2788.712085,0.34,0.31,5,0.01,True
664851,highest-temperature-in-tokyo-on-july-6-2026,2791308,highest-temperature-in-tokyo-on-july-6-2026-26c,Tokyo,RJTT,"[26, 27) deg C (integer bucket by truncation contract)",26°C,https://www.wunderground.com/history/daily/jp/tokyo/RJTT,wunderground_airport_history,31908.414396,22806.705018,3354.5257509999997,0.43,0.341,5,0.001,True
664851,highest-temperature-in-tokyo-on-july-6-2026,2791309,highest-temperature-in-tokyo-on-july-6-2026-27c,Tokyo,RJTT,"[27, 28) deg C (integer bucket by truncation contract)",27°C,https://www.wunderground.com/history/daily/jp/tokyo/RJTT,wunderground_airport_history,31908.414396,22806.705018,4666.898267,0.1,0.072,5,0.001,True
664851,highest-temperature-in-tokyo-on-july-6-2026,2791310,highest-temperature-in-tokyo-on-july-6-2026-28c,Tokyo,RJTT,"[28, 29) deg C (integer bucket by truncation contract)",28°C,https://www.wunderground.com/history/daily/jp/tokyo/RJTT,wunderground_airport_history,31908.414396,22806.705018,889.438216,0.03,0.02,5,0.001,True
664851,highest-temperature-in-tokyo-on-july-6-2026,2791311,highest-temperature-in-tokyo-on-july-6-2026-29corhigher,Tokyo,RJTT,>= 29 deg C,29°C or higher,https://www.wunderground.com/history/daily/jp/tokyo/RJTT,wunderground_airport_history,31908.414396,22806.705018,727.3992639999999,0.009,0.004,5,0.001,True
668422,highest-temperature-in-tokyo-on-july-7-2026,2802035,highest-temperature-in-tokyo-on-july-7-2026-25c,Tokyo,RJTT,"[25, 26) deg C (integer bucket by truncation contract)",25°C,https://www.wunderground.com/history/daily/jp/tokyo/RJTT,wunderground_airport_history,1606.082842,1558.057389,31,0.08,0.05,5,0.01,True
668422,highest-temperature-in-tokyo-on-july-7-2026,2802036,highest-temperature-in-tokyo-on-july-7-2026-26c,Tokyo,RJTT,"[26, 27) deg C (integer bucket by truncation contract)",26°C,https://www.wunderground.com/history/daily/jp/tokyo/RJTT,wunderground_airport_history,1606.082842,1558.057389,127.080667,0.29,0.25,5,0.01,True
668422,highest-temperature-in-tokyo-on-july-7-2026,2802037,highest-temperature-in-tokyo-on-july-7-2026-27c,Tokyo,RJTT,"[27, 28) deg C (integer bucket by truncation contract)",27°C,https://www.wunderground.com/history/daily/jp/tokyo/RJTT,wunderground_airport_history,1606.082842,1558.057389,397.995517,0.35,0.34,5,0.01,True
668422,highest-temperature-in-tokyo-on-july-7-2026,2802038,highest-temperature-in-tokyo-on-july-7-2026-28c,Tokyo,RJTT,"[28, 29) deg C (integer bucket by truncation contract)",28°C,https://www.wunderground.com/history/daily/jp/tokyo/RJTT,wunderground_airport_history,1606.082842,1558.057389,215.291923,0.25,0.2,5,0.01,True
668422,highest-temperature-in-tokyo-on-july-7-2026,2802039,highest-temperature-in-tokyo-on-july-7-2026-29c,Tokyo,RJTT,"[29, 30) deg C (integer bucket by truncation contract)",29°C,https://www.wunderground.com/history/daily/jp/tokyo/RJTT,wunderground_airport_history,1606.082842,1558.057389,5.102,0.05,0.04,5,0.01,True
668422,highest-temperature-in-tokyo-on-july-7-2026,2802032,highest-temperature-in-tokyo-on-july-7-2026-22corbelow,Tokyo,RJTT,<= 22 deg C,22°C or below,https://www.wunderground.com/history/daily/jp/tokyo/RJTT,wunderground_airport_history,1606.082842,1558.057389,393.013,0.004,0.002,5,0.001,True
668422,highest-temperature-in-tokyo-on-july-7-2026,2802033,highest-temperature-in-tokyo-on-july-7-2026-23c,Tokyo,RJTT,"[23, 24) deg C (integer bucket by truncation contract)",23°C,https://www.wunderground.com/history/daily/jp/tokyo/RJTT,wunderground_airport_history,1606.082842,1558.057389,86.055,0.009,0.004,5,0.001,True
668422,highest-temperature-in-tokyo-on-july-7-2026,2802034,highest-temperature-in-tokyo-on-july-7-2026-24c,Tokyo,RJTT,"[24, 25) deg C (integer bucket by truncation contract)",24°C,https://www.wunderground.com/history/daily/jp/tokyo/RJTT,wunderground_airport_history,1606.082842,1558.057389,43.430299999999995,0.059,0.011,5,0.001,True
668422,highest-temperature-in-tokyo-on-july-7-2026,2802040,highest-temperature-in-tokyo-on-july-7-2026-30c,Tokyo,RJTT,"[30, 31) deg C (integer bucket by truncation contract)",30°C,https://www.wunderground.com/history/daily/jp/tokyo/RJTT,wunderground_airport_history,1606.082842,1558.057389,12.049285000000001,0.048,0.011,5,0.001,True
668422,highest-temperature-in-tokyo-on-july-7-2026,2802041,highest-temperature-in-tokyo-on-july-7-2026-31c,Tokyo,RJTT,"[31, 32) deg C (integer bucket by truncation contract)",31°C,https://www.wunderground.com/history/daily/jp/tokyo/RJTT,wunderground_airport_history,1606.082842,1558.057389,76.0754,0.006,0.002,5,0.001,True
668422,highest-temperature-in-tokyo-on-july-7-2026,2802042,highest-temperature-in-tokyo-on-july-7-2026-32corhigher,Tokyo,RJTT,>= 32 deg C,32°C or higher,https://www.wunderground.com/history/daily/jp/tokyo/RJTT,wunderground_airport_history,1606.082842,1558.057389,218.98975000000002,0.004,0.001,5,0.001,True
661244,highest-temperature-in-seoul-on-july-5-2026,2778683,highest-temperature-in-seoul-on-july-5-2026-22corbelow,Seoul,RKSI,<= 22 deg C,22°C or below,https://www.wunderground.com/history/daily/kr/incheon/RKSI,wunderground_airport_history,142961.38893999998,56569.327336,1247.79,0.001,,5,0.001,True
661244,highest-temperature-in-seoul-on-july-5-2026,2778684,highest-temperature-in-seoul-on-july-5-2026-23c,Seoul,RKSI,"[23, 24) deg C (integer bucket by truncation contract)",23°C,https://www.wunderground.com/history/daily/kr/incheon/RKSI,wunderground_airport_history,142961.38893999998,56569.327336,2360.62,0.001,,5,0.001,True
661244,highest-temperature-in-seoul-on-july-5-2026,2778685,highest-temperature-in-seoul-on-july-5-2026-24c,Seoul,RKSI,"[24, 25) deg C (integer bucket by truncation contract)",24°C,https://www.wunderground.com/history/daily/kr/incheon/RKSI,wunderground_airport_history,142961.38893999998,56569.327336,3380.240568,0.001,,5,0.001,True
661244,highest-temperature-in-seoul-on-july-5-2026,2778686,highest-temperature-in-seoul-on-july-5-2026-25c,Seoul,RKSI,"[25, 26) deg C (integer bucket by truncation contract)",25°C,https://www.wunderground.com/history/daily/kr/incheon/RKSI,wunderground_airport_history,142961.38893999998,56569.327336,15850.603022999998,0.001,,5,0.001,True
661244,highest-temperature-in-seoul-on-july-5-2026,2778687,highest-temperature-in-seoul-on-july-5-2026-26c,Seoul,RKSI,"[26, 27) deg C (integer bucket by truncation contract)",26°C,https://www.wunderground.com/history/daily/kr/incheon/RKSI,wunderground_airport_history,142961.38893999998,56569.327336,25130.211015999997,0.001,,5,0.001,True
661244,highest-temperature-in-seoul-on-july-5-2026,2778688,highest-temperature-in-seoul-on-july-5-2026-27c,Seoul,RKSI,"[27, 28) deg C (integer bucket by truncation contract)",27°C,https://www.wunderground.com/history/daily/kr/incheon/RKSI,wunderground_airport_history,142961.38893999998,56569.327336,34115.53568799998,1,0.999,5,0.001,True
661244,highest-temperature-in-seoul-on-july-5-2026,2778689,highest-temperature-in-seoul-on-july-5-2026-28c,Seoul,RKSI,"[28, 29) deg C (integer bucket by truncation contract)",28°C,https://www.wunderground.com/history/daily/kr/incheon/RKSI,wunderground_airport_history,142961.38893999998,56569.327336,17582.244745999997,0.001,,5,0.001,True
661244,highest-temperature-in-seoul-on-july-5-2026,2778690,highest-temperature-in-seoul-on-july-5-2026-29c,Seoul,RKSI,"[29, 30) deg C (integer bucket by truncation contract)",29°C,https://www.wunderground.com/history/daily/kr/incheon/RKSI,wunderground_airport_history,142961.38893999998,56569.327336,16944.70623699999,0.001,,5,0.001,True
661244,highest-temperature-in-seoul-on-july-5-2026,2778691,highest-temperature-in-seoul-on-july-5-2026-30c,Seoul,RKSI,"[30, 31) deg C (integer bucket by truncation contract)",30°C,https://www.wunderground.com/history/daily/kr/incheon/RKSI,wunderground_airport_history,142961.38893999998,56569.327336,15804.253894999998,0.001,,5,0.001,True
661244,highest-temperature-in-seoul-on-july-5-2026,2778692,highest-temperature-in-seoul-on-july-5-2026-31c,Seoul,RKSI,"[31, 32) deg C (integer bucket by truncation contract)",31°C,https://www.wunderground.com/history/daily/kr/incheon/RKSI,wunderground_airport_history,142961.38893999998,56569.327336,5702.271375000002,0.001,,5,0.001,True
661244,highest-temperature-in-seoul-on-july-5-2026,2778693,highest-temperature-in-seoul-on-july-5-2026-32corhigher,Seoul,RKSI,>= 32 deg C,32°C or higher,https://www.wunderground.com/history/daily/kr/incheon/RKSI,wunderground_airport_history,142961.38893999998,56569.327336,4842.912391999999,0.001,,5,0.001,True
664849,highest-temperature-in-seoul-on-july-6-2026,2791279,highest-temperature-in-seoul-on-july-6-2026-21corbelow,Seoul,RKSI,<= 21 deg C,21°C or below,https://www.wunderground.com/history/daily/kr/incheon/RKSI,wunderground_airport_history,12148.670382,9597.871455,1144,0.001,,5,0.001,True
664849,highest-temperature-in-seoul-on-july-6-2026,2791280,highest-temperature-in-seoul-on-july-6-2026-22c,Seoul,RKSI,"[22, 23) deg C (integer bucket by truncation contract)",22°C,https://www.wunderground.com/history/daily/kr/incheon/RKSI,wunderground_airport_history,12148.670382,9597.871455,122.718,0.002,0.001,5,0.001,True
664849,highest-temperature-in-seoul-on-july-6-2026,2791281,highest-temperature-in-seoul-on-july-6-2026-23c,Seoul,RKSI,"[23, 24) deg C (integer bucket by truncation contract)",23°C,https://www.wunderground.com/history/daily/kr/incheon/RKSI,wunderground_airport_history,12148.670382,9597.871455,131.674,0.003,0.001,5,0.001,True
664849,highest-temperature-in-seoul-on-july-6-2026,2791282,highest-temperature-in-seoul-on-july-6-2026-24c,Seoul,RKSI,"[24, 25) deg C (integer bucket by truncation contract)",24°C,https://www.wunderground.com/history/daily/kr/incheon/RKSI,wunderground_airport_history,12148.670382,9597.871455,952.82266,0.007,0.004,5,0.001,True
664849,highest-temperature-in-seoul-on-july-6-2026,2791283,highest-temperature-in-seoul-on-july-6-2026-25c,Seoul,RKSI,"[25, 26) deg C (integer bucket by truncation contract)",25°C,https://www.wunderground.com/history/daily/kr/incheon/RKSI,wunderground_airport_history,12148.670382,9597.871455,1217.539918,0.04,0.022,5,0.001,True
664849,highest-temperature-in-seoul-on-july-6-2026,2791284,highest-temperature-in-seoul-on-july-6-2026-26c,Seoul,RKSI,"[26, 27) deg C (integer bucket by truncation contract)",26°C,https://www.wunderground.com/history/daily/kr/incheon/RKSI,wunderground_airport_history,12148.670382,9597.871455,1468.371864,0.14,0.13,5,0.001,True
664849,highest-temperature-in-seoul-on-july-6-2026,2791285,highest-temperature-in-seoul-on-july-6-2026-27c,Seoul,RKSI,"[27, 28) deg C (integer bucket by truncation contract)",27°C,https://www.wunderground.com/history/daily/kr/incheon/RKSI,wunderground_airport_history,12148.670382,9597.871455,1664.7245769999997,0.51,0.49,5,0.01,True
664849,highest-temperature-in-seoul-on-july-6-2026,2791286,highest-temperature-in-seoul-on-july-6-2026-28c,Seoul,RKSI,"[28, 29) deg C (integer bucket by truncation contract)",28°C,https://www.wunderground.com/history/daily/kr/incheon/RKSI,wunderground_airport_history,12148.670382,9597.871455,1774.9633510000006,0.28,0.26,5,0.01,True
664849,highest-temperature-in-seoul-on-july-6-2026,2791287,highest-temperature-in-seoul-on-july-6-2026-29c,Seoul,RKSI,"[29, 30) deg C (integer bucket by truncation contract)",29°C,https://www.wunderground.com/history/daily/kr/incheon/RKSI,wunderground_airport_history,12148.670382,9597.871455,2525.022704,0.08,0.06,5,0.01,True
664849,highest-temperature-in-seoul-on-july-6-2026,2791288,highest-temperature-in-seoul-on-july-6-2026-30c,Seoul,RKSI,"[30, 31) deg C (integer bucket by truncation contract)",30°C,https://www.wunderground.com/history/daily/kr/incheon/RKSI,wunderground_airport_history,12148.670382,9597.871455,330.323224,0.02,0.011,5,0.001,True
664849,highest-temperature-in-seoul-on-july-6-2026,2791289,highest-temperature-in-seoul-on-july-6-2026-31corhigher,Seoul,RKSI,>= 31 deg C,31°C or higher,https://www.wunderground.com/history/daily/kr/incheon/RKSI,wunderground_airport_history,12148.670382,9597.871455,800.6370709999998,0.009,0.005,5,0.001,True
668417,highest-temperature-in-seoul-on-july-7-2026,2801977,highest-temperature-in-seoul-on-july-7-2026-20corbelow,Seoul,RKSI,<= 20 deg C,20°C or below,https://www.wunderground.com/history/daily/kr/incheon/RKSI,wunderground_airport_history,3724.266671,3197.7238059999995,360.008,0.003,0.001,5,0.001,True
668417,highest-temperature-in-seoul-on-july-7-2026,2801978,highest-temperature-in-seoul-on-july-7-2026-21c,Seoul,RKSI,"[21, 22) deg C (integer bucket by truncation contract)",21°C,https://www.wunderground.com/history/daily/kr/incheon/RKSI,wunderground_airport_history,3724.266671,3197.7238059999995,344.986,0.004,0.001,5,0.001,True
668417,highest-temperature-in-seoul-on-july-7-2026,2801979,highest-temperature-in-seoul-on-july-7-2026-22c,Seoul,RKSI,"[22, 23) deg C (integer bucket by truncation contract)",22°C,https://www.wunderground.com/history/daily/kr/incheon/RKSI,wunderground_airport_history,3724.266671,3197.7238059999995,360.05733299999997,0.003,0.001,5,0.001,True
668417,highest-temperature-in-seoul-on-july-7-2026,2801980,highest-temperature-in-seoul-on-july-7-2026-23c,Seoul,RKSI,"[23, 24) deg C (integer bucket by truncation contract)",23°C,https://www.wunderground.com/history/daily/kr/incheon/RKSI,wunderground_airport_history,3724.266671,3197.7238059999995,400.5059999999999,0.007,0.003,5,0.001,True
668417,highest-temperature-in-seoul-on-july-7-2026,2801981,highest-temperature-in-seoul-on-july-7-2026-24c,Seoul,RKSI,"[24, 25) deg C (integer bucket by truncation contract)",24°C,https://www.wunderground.com/history/daily/kr/incheon/RKSI,wunderground_airport_history,3724.266671,3197.7238059999995,285.6409,0.01,0.004,5,0.001,True
668417,highest-temperature-in-seoul-on-july-7-2026,2801982,highest-temperature-in-seoul-on-july-7-2026-25c,Seoul,RKSI,"[25, 26) deg C (integer bucket by truncation contract)",25°C,https://www.wunderground.com/history/daily/kr/incheon/RKSI,wunderground_airport_history,3724.266671,3197.7238059999995,328.584333,0.02,0.016,5,0.001,True
668417,highest-temperature-in-seoul-on-july-7-2026,2801983,highest-temperature-in-seoul-on-july-7-2026-26c,Seoul,RKSI,"[26, 27) deg C (integer bucket by truncation contract)",26°C,https://www.wunderground.com/history/daily/kr/incheon/RKSI,wunderground_airport_history,3724.266671,3197.7238059999995,582.455323,0.15,0.13,5,0.01,True
668417,highest-temperature-in-seoul-on-july-7-2026,2801984,highest-temperature-in-seoul-on-july-7-2026-27c,Seoul,RKSI,"[27, 28) deg C (integer bucket by truncation contract)",27°C,https://www.wunderground.com/history/daily/kr/incheon/RKSI,wunderground_airport_history,3724.266671,3197.7238059999995,270.875433,0.32,0.31,5,0.01,True
668417,highest-temperature-in-seoul-on-july-7-2026,2801985,highest-temperature-in-seoul-on-july-7-2026-28c,Seoul,RKSI,"[28, 29) deg C (integer bucket by truncation contract)",28°C,https://www.wunderground.com/history/daily/kr/incheon/RKSI,wunderground_airport_history,3724.266671,3197.7238059999995,262.770785,0.33,0.3,5,0.01,True
668417,highest-temperature-in-seoul-on-july-7-2026,2801986,highest-temperature-in-seoul-on-july-7-2026-29c,Seoul,RKSI,"[29, 30) deg C (integer bucket by truncation contract)",29°C,https://www.wunderground.com/history/daily/kr/incheon/RKSI,wunderground_airport_history,3724.266671,3197.7238059999995,187.28898700000002,0.177,0.134,5,0.001,True
668417,highest-temperature-in-seoul-on-july-7-2026,2801987,highest-temperature-in-seoul-on-july-7-2026-30corhigher,Seoul,RKSI,>= 30 deg C,30°C or higher,https://www.wunderground.com/history/daily/kr/incheon/RKSI,wunderground_airport_history,3724.266671,3197.7238059999995,343.392423,0.12,0.1,5,0.01,True
661257,highest-temperature-in-taipei-on-july-5-2026,2778833,highest-temperature-in-taipei-on-july-5-2026-34c,Taipei,RCSS,"[34, 35) deg C (integer bucket by truncation contract)",34°C,https://www.wunderground.com/history/daily/tw/taipei/RCSS,wunderground_airport_history,67162.878303,47068.587181999996,10568.295657,0.001,,5,0.001,True
661257,highest-temperature-in-taipei-on-july-5-2026,2778835,highest-temperature-in-taipei-on-july-5-2026-36c,Taipei,RCSS,"[36, 37) deg C (integer bucket by truncation contract)",36°C,https://www.wunderground.com/history/daily/tw/taipei/RCSS,wunderground_airport_history,67162.878303,47068.587181999996,10026.841541000002,0.999,0.998,5,0.001,True
661257,highest-temperature-in-taipei-on-july-5-2026,2778836,highest-temperature-in-taipei-on-july-5-2026-37c,Taipei,RCSS,"[37, 38) deg C (integer bucket by truncation contract)",37°C,https://www.wunderground.com/history/daily/tw/taipei/RCSS,wunderground_airport_history,67162.878303,47068.587181999996,6533.519681,0.001,,5,0.001,True
661257,highest-temperature-in-taipei-on-july-5-2026,2778837,highest-temperature-in-taipei-on-july-5-2026-38corhigher,Taipei,RCSS,>= 38 deg C,38°C or higher,https://www.wunderground.com/history/daily/tw/taipei/RCSS,wunderground_airport_history,67162.878303,47068.587181999996,9835.354539,0.001,,5,0.001,True
661257,highest-temperature-in-taipei-on-july-5-2026,2778827,highest-temperature-in-taipei-on-july-5-2026-28corbelow,Taipei,RCSS,<= 28 deg C,28°C or below,https://www.wunderground.com/history/daily/tw/taipei/RCSS,wunderground_airport_history,67162.878303,47068.587181999996,20,0.001,,5,0.001,True
661257,highest-temperature-in-taipei-on-july-5-2026,2778828,highest-temperature-in-taipei-on-july-5-2026-29c,Taipei,RCSS,"[29, 30) deg C (integer bucket by truncation contract)",29°C,https://www.wunderground.com/history/daily/tw/taipei/RCSS,wunderground_airport_history,67162.878303,47068.587181999996,25,0.001,,5,0.001,True
661257,highest-temperature-in-taipei-on-july-5-2026,2778829,highest-temperature-in-taipei-on-july-5-2026-30c,Taipei,RCSS,"[30, 31) deg C (integer bucket by truncation contract)",30°C,https://www.wunderground.com/history/daily/tw/taipei/RCSS,wunderground_airport_history,67162.878303,47068.587181999996,1914.311,0.001,,5,0.001,True
661257,highest-temperature-in-taipei-on-july-5-2026,2778830,highest-temperature-in-taipei-on-july-5-2026-31c,Taipei,RCSS,"[31, 32) deg C (integer bucket by truncation contract)",31°C,https://www.wunderground.com/history/daily/tw/taipei/RCSS,wunderground_airport_history,67162.878303,47068.587181999996,2953.921149999999,0.001,,5,0.001,True
661257,highest-temperature-in-taipei-on-july-5-2026,2778831,highest-temperature-in-taipei-on-july-5-2026-32c,Taipei,RCSS,"[32, 33) deg C (integer bucket by truncation contract)",32°C,https://www.wunderground.com/history/daily/tw/taipei/RCSS,wunderground_airport_history,67162.878303,47068.587181999996,6630.4723109999995,0.001,,5,0.001,True
661257,highest-temperature-in-taipei-on-july-5-2026,2778832,highest-temperature-in-taipei-on-july-5-2026-33c,Taipei,RCSS,"[33, 34) deg C (integer bucket by truncation contract)",33°C,https://www.wunderground.com/history/daily/tw/taipei/RCSS,wunderground_airport_history,67162.878303,47068.587181999996,7656.221923000002,0.001,,5,0.001,True
661257,highest-temperature-in-taipei-on-july-5-2026,2778834,highest-temperature-in-taipei-on-july-5-2026-35c,Taipei,RCSS,"[35, 36) deg C (integer bucket by truncation contract)",35°C,https://www.wunderground.com/history/daily/tw/taipei/RCSS,wunderground_airport_history,67162.878303,47068.587181999996,11364.130500999998,0.001,,5,0.001,True
664860,highest-temperature-in-taipei-on-july-6-2026,2791346,highest-temperature-in-taipei-on-july-6-2026-28corbelow,Taipei,RCSS,<= 28 deg C,28°C or below,https://www.wunderground.com/history/daily/tw/taipei/RCSS,wunderground_airport_history,15268.276774,12865.585137999997,1813.074383,0.002,,5,0.001,True
664860,highest-temperature-in-taipei-on-july-6-2026,2791351,highest-temperature-in-taipei-on-july-6-2026-29c,Taipei,RCSS,"[29, 30) deg C (integer bucket by truncation contract)",29°C,https://www.wunderground.com/history/daily/tw/taipei/RCSS,wunderground_airport_history,15268.276774,12865.585137999997,2427.3588959999997,0.002,0.001,5,0.001,True
664860,highest-temperature-in-taipei-on-july-6-2026,2791352,highest-temperature-in-taipei-on-july-6-2026-30c,Taipei,RCSS,"[30, 31) deg C (integer bucket by truncation contract)",30°C,https://www.wunderground.com/history/daily/tw/taipei/RCSS,wunderground_airport_history,15268.276774,12865.585137999997,652.2805,0.004,0.002,5,0.001,True
664860,highest-temperature-in-taipei-on-july-6-2026,2791353,highest-temperature-in-taipei-on-july-6-2026-31c,Taipei,RCSS,"[31, 32) deg C (integer bucket by truncation contract)",31°C,https://www.wunderground.com/history/daily/tw/taipei/RCSS,wunderground_airport_history,15268.276774,12865.585137999997,1136.979212,0.018,0.006,5,0.001,True
664860,highest-temperature-in-taipei-on-july-6-2026,2791354,highest-temperature-in-taipei-on-july-6-2026-32c,Taipei,RCSS,"[32, 33) deg C (integer bucket by truncation contract)",32°C,https://www.wunderground.com/history/daily/tw/taipei/RCSS,wunderground_airport_history,15268.276774,12865.585137999997,1357.855721,0.019,0.011,5,0.001,True
664860,highest-temperature-in-taipei-on-july-6-2026,2791355,highest-temperature-in-taipei-on-july-6-2026-33c,Taipei,RCSS,"[33, 34) deg C (integer bucket by truncation contract)",33°C,https://www.wunderground.com/history/daily/tw/taipei/RCSS,wunderground_airport_history,15268.276774,12865.585137999997,1071.140027,0.049,0.042,5,0.001,True
664860,highest-temperature-in-taipei-on-july-6-2026,2791357,highest-temperature-in-taipei-on-july-6-2026-34c,Taipei,RCSS,"[34, 35) deg C (integer bucket by truncation contract)",34°C,https://www.wunderground.com/history/daily/tw/taipei/RCSS,wunderground_airport_history,15268.276774,12865.585137999997,1416.363233,0.16,0.15,5,0.01,True
664860,highest-temperature-in-taipei-on-july-6-2026,2791359,highest-temperature-in-taipei-on-july-6-2026-35c,Taipei,RCSS,"[35, 36) deg C (integer bucket by truncation contract)",35°C,https://www.wunderground.com/history/daily/tw/taipei/RCSS,wunderground_airport_history,15268.276774,12865.585137999997,3279.1077089999994,0.38,0.35,5,0.01,True
664860,highest-temperature-in-taipei-on-july-6-2026,2791360,highest-temperature-in-taipei-on-july-6-2026-36c,Taipei,RCSS,"[36, 37) deg C (integer bucket by truncation contract)",36°C,https://www.wunderground.com/history/daily/tw/taipei/RCSS,wunderground_airport_history,15268.276774,12865.585137999997,957.1907309999999,0.387,0.357,5,0.001,True
664860,highest-temperature-in-taipei-on-july-6-2026,2791361,highest-temperature-in-taipei-on-july-6-2026-37c,Taipei,RCSS,"[37, 38) deg C (integer bucket by truncation contract)",37°C,https://www.wunderground.com/history/daily/tw/taipei/RCSS,wunderground_airport_history,15268.276774,12865.585137999997,477.1171679999999,0.076,0.06,5,0.001,True
664860,highest-temperature-in-taipei-on-july-6-2026,2791362,highest-temperature-in-taipei-on-july-6-2026-38corhigher,Taipei,RCSS,>= 38 deg C,38°C or higher,https://www.wunderground.com/history/daily/tw/taipei/RCSS,wunderground_airport_history,15268.276774,12865.585137999997,679.809194,0.028,0.021,5,0.001,True
668429,highest-temperature-in-taipei-on-july-7-2026,2802110,highest-temperature-in-taipei-on-july-7-2026-27corbelow,Taipei,RCSS,<= 27 deg C,27°C or below,https://www.wunderground.com/history/daily/tw/taipei/RCSS,wunderground_airport_history,12465.304832,4657.672352,817.274264,0.002,0.001,5,0.001,True
668429,highest-temperature-in-taipei-on-july-7-2026,2802111,highest-temperature-in-taipei-on-july-7-2026-28c,Taipei,RCSS,"[28, 29) deg C (integer bucket by truncation contract)",28°C,https://www.wunderground.com/history/daily/tw/taipei/RCSS,wunderground_airport_history,12465.304832,4657.672352,277.58500000000004,0.004,0.002,5,0.001,True
668429,highest-temperature-in-taipei-on-july-7-2026,2802112,highest-temperature-in-taipei-on-july-7-2026-29c,Taipei,RCSS,"[29, 30) deg C (integer bucket by truncation contract)",29°C,https://www.wunderground.com/history/daily/tw/taipei/RCSS,wunderground_airport_history,12465.304832,4657.672352,489.14666600000004,0.006,0.003,5,0.001,True
668429,highest-temperature-in-taipei-on-july-7-2026,2802113,highest-temperature-in-taipei-on-july-7-2026-30c,Taipei,RCSS,"[30, 31) deg C (integer bucket by truncation contract)",30°C,https://www.wunderground.com/history/daily/tw/taipei/RCSS,wunderground_airport_history,12465.304832,4657.672352,485.202832,0.006,0.003,5,0.001,True
668429,highest-temperature-in-taipei-on-july-7-2026,2802114,highest-temperature-in-taipei-on-july-7-2026-31c,Taipei,RCSS,"[31, 32) deg C (integer bucket by truncation contract)",31°C,https://www.wunderground.com/history/daily/tw/taipei/RCSS,wunderground_airport_history,12465.304832,4657.672352,858.548583,0.012,0.01,5,0.001,True
668429,highest-temperature-in-taipei-on-july-7-2026,2802115,highest-temperature-in-taipei-on-july-7-2026-32c,Taipei,RCSS,"[32, 33) deg C (integer bucket by truncation contract)",32°C,https://www.wunderground.com/history/daily/tw/taipei/RCSS,wunderground_airport_history,12465.304832,4657.672352,894.1499829999999,0.038,0.021,5,0.001,True
668429,highest-temperature-in-taipei-on-july-7-2026,2802116,highest-temperature-in-taipei-on-july-7-2026-33c,Taipei,RCSS,"[33, 34) deg C (integer bucket by truncation contract)",33°C,https://www.wunderground.com/history/daily/tw/taipei/RCSS,wunderground_airport_history,12465.304832,4657.672352,797.040842,0.11,0.1,5,0.01,True
668429,highest-temperature-in-taipei-on-july-7-2026,2802117,highest-temperature-in-taipei-on-july-7-2026-34c,Taipei,RCSS,"[34, 35) deg C (integer bucket by truncation contract)",34°C,https://www.wunderground.com/history/daily/tw/taipei/RCSS,wunderground_airport_history,12465.304832,4657.672352,624.6297920000001,0.22,0.18,5,0.01,True
668429,highest-temperature-in-taipei-on-july-7-2026,2802118,highest-temperature-in-taipei-on-july-7-2026-35c,Taipei,RCSS,"[35, 36) deg C (integer bucket by truncation contract)",35°C,https://www.wunderground.com/history/daily/tw/taipei/RCSS,wunderground_airport_history,12465.304832,4657.672352,5220.899667,0.38,0.35,5,0.01,True
668429,highest-temperature-in-taipei-on-july-7-2026,2802119,highest-temperature-in-taipei-on-july-7-2026-36c,Taipei,RCSS,"[36, 37) deg C (integer bucket by truncation contract)",36°C,https://www.wunderground.com/history/daily/tw/taipei/RCSS,wunderground_airport_history,12465.304832,4657.672352,787.2498380000001,0.29,0.22,5,0.01,True
668429,highest-temperature-in-taipei-on-july-7-2026,2802120,highest-temperature-in-taipei-on-july-7-2026-37corhigher,Taipei,RCSS,>= 37 deg C,37°C or higher,https://www.wunderground.com/history/daily/tw/taipei/RCSS,wunderground_airport_history,12465.304832,4657.672352,1213.577365,0.1,0.07,5,0.01,True
661260,highest-temperature-in-wuhan-on-july-5-2026,2778861,highest-temperature-in-wuhan-on-july-5-2026-24corbelow,Wuhan,ZHHH,<= 24 deg C,24°C or below,https://www.wunderground.com/history/daily/cn/wuhan/ZHHH,wunderground_airport_history,64849.254961,36956.983442,151.558179,0.001,,5,0.001,True
661260,highest-temperature-in-wuhan-on-july-5-2026,2778863,highest-temperature-in-wuhan-on-july-5-2026-25c,Wuhan,ZHHH,"[25, 26) deg C (integer bucket by truncation contract)",25°C,https://www.wunderground.com/history/daily/cn/wuhan/ZHHH,wunderground_airport_history,64849.254961,36956.983442,1547.31496,0.001,,5,0.001,True
661260,highest-temperature-in-wuhan-on-july-5-2026,2778864,highest-temperature-in-wuhan-on-july-5-2026-26c,Wuhan,ZHHH,"[26, 27) deg C (integer bucket by truncation contract)",26°C,https://www.wunderground.com/history/daily/cn/wuhan/ZHHH,wunderground_airport_history,64849.254961,36956.983442,3287.1622449999995,0.001,,5,0.001,True
661260,highest-temperature-in-wuhan-on-july-5-2026,2778865,highest-temperature-in-wuhan-on-july-5-2026-27c,Wuhan,ZHHH,"[27, 28) deg C (integer bucket by truncation contract)",27°C,https://www.wunderground.com/history/daily/cn/wuhan/ZHHH,wunderground_airport_history,64849.254961,36956.983442,4527.686544999999,0.001,,5,0.001,True
661260,highest-temperature-in-wuhan-on-july-5-2026,2778866,highest-temperature-in-wuhan-on-july-5-2026-28c,Wuhan,ZHHH,"[28, 29) deg C (integer bucket by truncation contract)",28°C,https://www.wunderground.com/history/daily/cn/wuhan/ZHHH,wunderground_airport_history,64849.254961,36956.983442,4754.562915999999,0.001,,5,0.001,True
661260,highest-temperature-in-wuhan-on-july-5-2026,2778867,highest-temperature-in-wuhan-on-july-5-2026-29c,Wuhan,ZHHH,"[29, 30) deg C (integer bucket by truncation contract)",29°C,https://www.wunderground.com/history/daily/cn/wuhan/ZHHH,wunderground_airport_history,64849.254961,36956.983442,9483.08647,0.001,,5,0.001,True
661260,highest-temperature-in-wuhan-on-july-5-2026,2778868,highest-temperature-in-wuhan-on-july-5-2026-30c,Wuhan,ZHHH,"[30, 31) deg C (integer bucket by truncation contract)",30°C,https://www.wunderground.com/history/daily/cn/wuhan/ZHHH,wunderground_airport_history,64849.254961,36956.983442,5755.873243000001,0.001,,5,0.001,True
661260,highest-temperature-in-wuhan-on-july-5-2026,2778869,highest-temperature-in-wuhan-on-july-5-2026-31c,Wuhan,ZHHH,"[31, 32) deg C (integer bucket by truncation contract)",31°C,https://www.wunderground.com/history/daily/cn/wuhan/ZHHH,wunderground_airport_history,64849.254961,36956.983442,4640.365878,0.98,0.95,5,0.001,True
661260,highest-temperature-in-wuhan-on-july-5-2026,2778870,highest-temperature-in-wuhan-on-july-5-2026-32c,Wuhan,ZHHH,"[32, 33) deg C (integer bucket by truncation contract)",32°C,https://www.wunderground.com/history/daily/cn/wuhan/ZHHH,wunderground_airport_history,64849.254961,36956.983442,7278.078235000002,0.042,0.021,5,0.001,True
661260,highest-temperature-in-wuhan-on-july-5-2026,2778871,highest-temperature-in-wuhan-on-july-5-2026-33c,Wuhan,ZHHH,"[33, 34) deg C (integer bucket by truncation contract)",33°C,https://www.wunderground.com/history/daily/cn/wuhan/ZHHH,wunderground_airport_history,64849.254961,36956.983442,12091.511980000001,0.009,0.001,5,0.001,True
661260,highest-temperature-in-wuhan-on-july-5-2026,2778872,highest-temperature-in-wuhan-on-july-5-2026-34corhigher,Wuhan,ZHHH,>= 34 deg C,34°C or higher,https://www.wunderground.com/history/daily/cn/wuhan/ZHHH,wunderground_airport_history,64849.254961,36956.983442,11890.704309999997,0.001,,5,0.001,True
664865,highest-temperature-in-wuhan-on-july-6-2026,2791394,highest-temperature-in-wuhan-on-july-6-2026-30c,Wuhan,ZHHH,"[30, 31) deg C (integer bucket by truncation contract)",30°C,https://www.wunderground.com/history/daily/cn/wuhan/ZHHH,wunderground_airport_history,19669.848393999997,10251.647676,861.2857580000001,0.3,0.29,5,0.01,True
664865,highest-temperature-in-wuhan-on-july-6-2026,2791395,highest-temperature-in-wuhan-on-july-6-2026-31c,Wuhan,ZHHH,"[31, 32) deg C (integer bucket by truncation contract)",31°C,https://www.wunderground.com/history/daily/cn/wuhan/ZHHH,wunderground_airport_history,19669.848393999997,10251.647676,2304.35624,0.15,0.14,5,0.01,True
664865,highest-temperature-in-wuhan-on-july-6-2026,2791396,highest-temperature-in-wuhan-on-july-6-2026-32c,Wuhan,ZHHH,"[32, 33) deg C (integer bucket by truncation contract)",32°C,https://www.wunderground.com/history/daily/cn/wuhan/ZHHH,wunderground_airport_history,19669.848393999997,10251.647676,613.7234490000001,0.066,0.04,5,0.001,True
664865,highest-temperature-in-wuhan-on-july-6-2026,2791397,highest-temperature-in-wuhan-on-july-6-2026-33c,Wuhan,ZHHH,"[33, 34) deg C (integer bucket by truncation contract)",33°C,https://www.wunderground.com/history/daily/cn/wuhan/ZHHH,wunderground_airport_history,19669.848393999997,10251.647676,1566.674401,0.042,0.031,5,0.001,True
664865,highest-temperature-in-wuhan-on-july-6-2026,2791398,highest-temperature-in-wuhan-on-july-6-2026-34corhigher,Wuhan,ZHHH,>= 34 deg C,34°C or higher,https://www.wunderground.com/history/daily/cn/wuhan/ZHHH,wunderground_airport_history,19669.848393999997,10251.647676,1601.085311,0.012,0.01,5,0.001,True
664865,highest-temperature-in-wuhan-on-july-6-2026,2791388,highest-temperature-in-wuhan-on-july-6-2026-24corbelow,Wuhan,ZHHH,<= 24 deg C,24°C or below,https://www.wunderground.com/history/daily/cn/wuhan/ZHHH,wunderground_airport_history,19669.848393999997,10251.647676,1498.8700000000001,0.001,,5,0.001,True
664865,highest-temperature-in-wuhan-on-july-6-2026,2791389,highest-temperature-in-wuhan-on-july-6-2026-25c,Wuhan,ZHHH,"[25, 26) deg C (integer bucket by truncation contract)",25°C,https://www.wunderground.com/history/daily/cn/wuhan/ZHHH,wunderground_airport_history,19669.848393999997,10251.647676,1286.3689530000001,0.008,0.001,5,0.001,True
664865,highest-temperature-in-wuhan-on-july-6-2026,2791390,highest-temperature-in-wuhan-on-july-6-2026-26c,Wuhan,ZHHH,"[26, 27) deg C (integer bucket by truncation contract)",26°C,https://www.wunderground.com/history/daily/cn/wuhan/ZHHH,wunderground_airport_history,19669.848393999997,10251.647676,805.265783,0.01,0.004,5,0.001,True
664865,highest-temperature-in-wuhan-on-july-6-2026,2791391,highest-temperature-in-wuhan-on-july-6-2026-27c,Wuhan,ZHHH,"[27, 28) deg C (integer bucket by truncation contract)",27°C,https://www.wunderground.com/history/daily/cn/wuhan/ZHHH,wunderground_airport_history,19669.848393999997,10251.647676,887.6573179999999,0.039,0.02,5,0.001,True
664865,highest-temperature-in-wuhan-on-july-6-2026,2791392,highest-temperature-in-wuhan-on-july-6-2026-28c,Wuhan,ZHHH,"[28, 29) deg C (integer bucket by truncation contract)",28°C,https://www.wunderground.com/history/daily/cn/wuhan/ZHHH,wunderground_airport_history,19669.848393999997,10251.647676,1264.519681,0.11,0.08,5,0.01,True
664865,highest-temperature-in-wuhan-on-july-6-2026,2791393,highest-temperature-in-wuhan-on-july-6-2026-29c,Wuhan,ZHHH,"[29, 30) deg C (integer bucket by truncation contract)",29°C,https://www.wunderground.com/history/daily/cn/wuhan/ZHHH,wunderground_airport_history,19669.848393999997,10251.647676,6980.0414999999975,0.34,0.33,5,0.01,True
668432,highest-temperature-in-wuhan-on-july-7-2026,2802143,highest-temperature-in-wuhan-on-july-7-2026-23corbelow,Wuhan,ZHHH,<= 23 deg C,23°C or below,https://www.wunderground.com/history/daily/cn/wuhan/ZHHH,wunderground_airport_history,1438.458004,1426.9541140000001,21.021,0.004,0.001,5,0.001,True
668432,highest-temperature-in-wuhan-on-july-7-2026,2802144,highest-temperature-in-wuhan-on-july-7-2026-24c,Wuhan,ZHHH,"[24, 25) deg C (integer bucket by truncation contract)",24°C,https://www.wunderground.com/history/daily/cn/wuhan/ZHHH,wunderground_airport_history,1438.458004,1426.9541140000001,27.034,0.004,0.001,5,0.001,True
668432,highest-temperature-in-wuhan-on-july-7-2026,2802145,highest-temperature-in-wuhan-on-july-7-2026-25c,Wuhan,ZHHH,"[25, 26) deg C (integer bucket by truncation contract)",25°C,https://www.wunderground.com/history/daily/cn/wuhan/ZHHH,wunderground_airport_history,1438.458004,1426.9541140000001,13.013,0.01,0.002,5,0.001,True
668432,highest-temperature-in-wuhan-on-july-7-2026,2802146,highest-temperature-in-wuhan-on-july-7-2026-26c,Wuhan,ZHHH,"[26, 27) deg C (integer bucket by truncation contract)",26°C,https://www.wunderground.com/history/daily/cn/wuhan/ZHHH,wunderground_airport_history,1438.458004,1426.9541140000001,321.2862,0.009,0.004,5,0.001,True
668432,highest-temperature-in-wuhan-on-july-7-2026,2802147,highest-temperature-in-wuhan-on-july-7-2026-27c,Wuhan,ZHHH,"[27, 28) deg C (integer bucket by truncation contract)",27°C,https://www.wunderground.com/history/daily/cn/wuhan/ZHHH,wunderground_airport_history,1438.458004,1426.9541140000001,686.3024320000001,0.039,0.01,5,0.001,True
668432,highest-temperature-in-wuhan-on-july-7-2026,2802148,highest-temperature-in-wuhan-on-july-7-2026-28c,Wuhan,ZHHH,"[28, 29) deg C (integer bucket by truncation contract)",28°C,https://www.wunderground.com/history/daily/cn/wuhan/ZHHH,wunderground_airport_history,1438.458004,1426.9541140000001,77.67,0.09,0.05,5,0.01,True
668432,highest-temperature-in-wuhan-on-july-7-2026,2802149,highest-temperature-in-wuhan-on-july-7-2026-29c,Wuhan,ZHHH,"[29, 30) deg C (integer bucket by truncation contract)",29°C,https://www.wunderground.com/history/daily/cn/wuhan/ZHHH,wunderground_airport_history,1438.458004,1426.9541140000001,58.94,0.18,0.15,5,0.01,True
668432,highest-temperature-in-wuhan-on-july-7-2026,2802150,highest-temperature-in-wuhan-on-july-7-2026-30c,Wuhan,ZHHH,"[30, 31) deg C (integer bucket by truncation contract)",30°C,https://www.wunderground.com/history/daily/cn/wuhan/ZHHH,wunderground_airport_history,1438.458004,1426.9541140000001,166.083882,0.29,0.28,5,0.01,True
668432,highest-temperature-in-wuhan-on-july-7-2026,2802151,highest-temperature-in-wuhan-on-july-7-2026-31c,Wuhan,ZHHH,"[31, 32) deg C (integer bucket by truncation contract)",31°C,https://www.wunderground.com/history/daily/cn/wuhan/ZHHH,wunderground_airport_history,1438.458004,1426.9541140000001,19.795994,0.2,0.19,5,0.01,True
668432,highest-temperature-in-wuhan-on-july-7-2026,2802152,highest-temperature-in-wuhan-on-july-7-2026-32c,Wuhan,ZHHH,"[32, 33) deg C (integer bucket by truncation contract)",32°C,https://www.wunderground.com/history/daily/cn/wuhan/ZHHH,wunderground_airport_history,1438.458004,1426.9541140000001,10.17597,0.141,0.079,5,0.001,True
668432,highest-temperature-in-wuhan-on-july-7-2026,2802153,highest-temperature-in-wuhan-on-july-7-2026-33corhigher,Wuhan,ZHHH,>= 33 deg C,33°C or higher,https://www.wunderground.com/history/daily/cn/wuhan/ZHHH,wunderground_airport_history,1438.458004,1426.9541140000001,37.135526,0.067,0.041,5,0.001,True
661272,highest-temperature-in-qingdao-on-july-5-2026,2778994,highest-temperature-in-qingdao-on-july-5-2026-25corbelow,Qingdao,ZSQD,<= 25 deg C,25°C or below,https://www.wunderground.com/history/daily/cn/qingdao/ZSQD,wunderground_airport_history,38915.417007000004,28912.780314,1635.01,0.001,,5,0.001,True
661272,highest-temperature-in-qingdao-on-july-5-2026,2778995,highest-temperature-in-qingdao-on-july-5-2026-26c,Qingdao,ZSQD,"[26, 27) deg C (integer bucket by truncation contract)",26°C,https://www.wunderground.com/history/daily/cn/qingdao/ZSQD,wunderground_airport_history,38915.417007000004,28912.780314,1703.0100000000002,0.001,,5,0.001,True
661272,highest-temperature-in-qingdao-on-july-5-2026,2778996,highest-temperature-in-qingdao-on-july-5-2026-27c,Qingdao,ZSQD,"[27, 28) deg C (integer bucket by truncation contract)",27°C,https://www.wunderground.com/history/daily/cn/qingdao/ZSQD,wunderground_airport_history,38915.417007000004,28912.780314,1794.2939999999999,0.001,,5,0.001,True
661272,highest-temperature-in-qingdao-on-july-5-2026,2778997,highest-temperature-in-qingdao-on-july-5-2026-28c,Qingdao,ZSQD,"[28, 29) deg C (integer bucket by truncation contract)",28°C,https://www.wunderground.com/history/daily/cn/qingdao/ZSQD,wunderground_airport_history,38915.417007000004,28912.780314,2809.729,0.001,,5,0.001,True
661272,highest-temperature-in-qingdao-on-july-5-2026,2778998,highest-temperature-in-qingdao-on-july-5-2026-29c,Qingdao,ZSQD,"[29, 30) deg C (integer bucket by truncation contract)",29°C,https://www.wunderground.com/history/daily/cn/qingdao/ZSQD,wunderground_airport_history,38915.417007000004,28912.780314,4999.368820999999,0.001,,5,0.001,True
661272,highest-temperature-in-qingdao-on-july-5-2026,2778999,highest-temperature-in-qingdao-on-july-5-2026-30c,Qingdao,ZSQD,"[30, 31) deg C (integer bucket by truncation contract)",30°C,https://www.wunderground.com/history/daily/cn/qingdao/ZSQD,wunderground_airport_history,38915.417007000004,28912.780314,5509.0282,0.001,,5,0.001,True
661272,highest-temperature-in-qingdao-on-july-5-2026,2779000,highest-temperature-in-qingdao-on-july-5-2026-31c,Qingdao,ZSQD,"[31, 32) deg C (integer bucket by truncation contract)",31°C,https://www.wunderground.com/history/daily/cn/qingdao/ZSQD,wunderground_airport_history,38915.417007000004,28912.780314,1946.5772319999999,0.001,,5,0.001,True
661272,highest-temperature-in-qingdao-on-july-5-2026,2779001,highest-temperature-in-qingdao-on-july-5-2026-32c,Qingdao,ZSQD,"[32, 33) deg C (integer bucket by truncation contract)",32°C,https://www.wunderground.com/history/daily/cn/qingdao/ZSQD,wunderground_airport_history,38915.417007000004,28912.780314,2643.38879,0.001,,5,0.001,True
661272,highest-temperature-in-qingdao-on-july-5-2026,2779002,highest-temperature-in-qingdao-on-july-5-2026-33c,Qingdao,ZSQD,"[33, 34) deg C (integer bucket by truncation contract)",33°C,https://www.wunderground.com/history/daily/cn/qingdao/ZSQD,wunderground_airport_history,38915.417007000004,28912.780314,4680.433435000003,0.998,0.993,5,0.001,True
661272,highest-temperature-in-qingdao-on-july-5-2026,2779003,highest-temperature-in-qingdao-on-july-5-2026-34c,Qingdao,ZSQD,"[34, 35) deg C (integer bucket by truncation contract)",34°C,https://www.wunderground.com/history/daily/cn/qingdao/ZSQD,wunderground_airport_history,38915.417007000004,28912.780314,4180.952607000001,0.003,0.001,5,0.001,True
661272,highest-temperature-in-qingdao-on-july-5-2026,2779004,highest-temperature-in-qingdao-on-july-5-2026-35corhigher,Qingdao,ZSQD,>= 35 deg C,35°C or higher,https://www.wunderground.com/history/daily/cn/qingdao/ZSQD,wunderground_airport_history,38915.417007000004,28912.780314,6944.799741999999,0.002,0.001,5,0.001,True
664871,highest-temperature-in-qingdao-on-july-6-2026,2791454,highest-temperature-in-qingdao-on-july-6-2026-25corbelow,Qingdao,ZSQD,<= 25 deg C,25°C or below,https://www.wunderground.com/history/daily/cn/qingdao/ZSQD,wunderground_airport_history,3686.777162,3399.88113,284.32599999999996,0.003,0.001,5,0.001,True
664871,highest-temperature-in-qingdao-on-july-6-2026,2791455,highest-temperature-in-qingdao-on-july-6-2026-26c,Qingdao,ZSQD,"[26, 27) deg C (integer bucket by truncation contract)",26°C,https://www.wunderground.com/history/daily/cn/qingdao/ZSQD,wunderground_airport_history,3686.777162,3399.88113,42.352,0.002,0.001,5,0.001,True
664871,highest-temperature-in-qingdao-on-july-6-2026,2791456,highest-temperature-in-qingdao-on-july-6-2026-27c,Qingdao,ZSQD,"[27, 28) deg C (integer bucket by truncation contract)",27°C,https://www.wunderground.com/history/daily/cn/qingdao/ZSQD,wunderground_airport_history,3686.777162,3399.88113,159.757162,0.016,0.008,5,0.001,True
664871,highest-temperature-in-qingdao-on-july-6-2026,2791457,highest-temperature-in-qingdao-on-july-6-2026-28c,Qingdao,ZSQD,"[28, 29) deg C (integer bucket by truncation contract)",28°C,https://www.wunderground.com/history/daily/cn/qingdao/ZSQD,wunderground_airport_history,3686.777162,3399.88113,436.12392300000005,0.033,0.019,5,0.001,True
664871,highest-temperature-in-qingdao-on-july-6-2026,2791458,highest-temperature-in-qingdao-on-july-6-2026-29c,Qingdao,ZSQD,"[29, 30) deg C (integer bucket by truncation contract)",29°C,https://www.wunderground.com/history/daily/cn/qingdao/ZSQD,wunderground_airport_history,3686.777162,3399.88113,952.820963,0.23,0.21,5,0.01,True
664871,highest-temperature-in-qingdao-on-july-6-2026,2791459,highest-temperature-in-qingdao-on-july-6-2026-30c,Qingdao,ZSQD,"[30, 31) deg C (integer bucket by truncation contract)",30°C,https://www.wunderground.com/history/daily/cn/qingdao/ZSQD,wunderground_airport_history,3686.777162,3399.88113,168.65695399999998,0.3,0.29,5,0.01,True
664871,highest-temperature-in-qingdao-on-july-6-2026,2791460,highest-temperature-in-qingdao-on-july-6-2026-31c,Qingdao,ZSQD,"[31, 32) deg C (integer bucket by truncation contract)",31°C,https://www.wunderground.com/history/daily/cn/qingdao/ZSQD,wunderground_airport_history,3686.777162,3399.88113,667.9254050000001,0.29,0.26,5,0.01,True
664871,highest-temperature-in-qingdao-on-july-6-2026,2791461,highest-temperature-in-qingdao-on-july-6-2026-32c,Qingdao,ZSQD,"[32, 33) deg C (integer bucket by truncation contract)",32°C,https://www.wunderground.com/history/daily/cn/qingdao/ZSQD,wunderground_airport_history,3686.777162,3399.88113,176.697859,0.14,0.13,5,0.01,True
664871,highest-temperature-in-qingdao-on-july-6-2026,2791462,highest-temperature-in-qingdao-on-july-6-2026-33c,Qingdao,ZSQD,"[33, 34) deg C (integer bucket by truncation contract)",33°C,https://www.wunderground.com/history/daily/cn/qingdao/ZSQD,wunderground_airport_history,3686.777162,3399.88113,146.821602,0.08,0.06,5,0.01,True
664871,highest-temperature-in-qingdao-on-july-6-2026,2791463,highest-temperature-in-qingdao-on-july-6-2026-34c,Qingdao,ZSQD,"[34, 35) deg C (integer bucket by truncation contract)",34°C,https://www.wunderground.com/history/daily/cn/qingdao/ZSQD,wunderground_airport_history,3686.777162,3399.88113,422.214661,0.026,0.015,5,0.001,True
664871,highest-temperature-in-qingdao-on-july-6-2026,2791464,highest-temperature-in-qingdao-on-july-6-2026-35corhigher,Qingdao,ZSQD,>= 35 deg C,35°C or higher,https://www.wunderground.com/history/daily/cn/qingdao/ZSQD,wunderground_airport_history,3686.777162,3399.88113,229.080633,0.013,0.01,5,0.001,True
668443,highest-temperature-in-qingdao-on-july-7-2026,2802264,highest-temperature-in-qingdao-on-july-7-2026-21corbelow,Qingdao,ZSQD,<= 21 deg C,21°C or below,https://www.wunderground.com/history/daily/cn/qingdao/ZSQD,wunderground_airport_history,2199.928568,1992.7875060000001,66.021,0.004,0.001,5,0.001,True
668443,highest-temperature-in-qingdao-on-july-7-2026,2802265,highest-temperature-in-qingdao-on-july-7-2026-22c,Qingdao,ZSQD,"[22, 23) deg C (integer bucket by truncation contract)",22°C,https://www.wunderground.com/history/daily/cn/qingdao/ZSQD,wunderground_airport_history,2199.928568,1992.7875060000001,22.034,0.009,0.003,5,0.001,True
668443,highest-temperature-in-qingdao-on-july-7-2026,2802266,highest-temperature-in-qingdao-on-july-7-2026-23c,Qingdao,ZSQD,"[23, 24) deg C (integer bucket by truncation contract)",23°C,https://www.wunderground.com/history/daily/cn/qingdao/ZSQD,wunderground_airport_history,2199.928568,1992.7875060000001,816.172372,0.077,0.012,5,0.001,True
668443,highest-temperature-in-qingdao-on-july-7-2026,2802267,highest-temperature-in-qingdao-on-july-7-2026-24c,Qingdao,ZSQD,"[24, 25) deg C (integer bucket by truncation contract)",24°C,https://www.wunderground.com/history/daily/cn/qingdao/ZSQD,wunderground_airport_history,2199.928568,1992.7875060000001,515.0108979999999,0.15,0.14,5,0.01,True
668443,highest-temperature-in-qingdao-on-july-7-2026,2802268,highest-temperature-in-qingdao-on-july-7-2026-25c,Qingdao,ZSQD,"[25, 26) deg C (integer bucket by truncation contract)",25°C,https://www.wunderground.com/history/daily/cn/qingdao/ZSQD,wunderground_airport_history,2199.928568,1992.7875060000001,115.665177,0.34,0.18,5,0.01,True
668443,highest-temperature-in-qingdao-on-july-7-2026,2802269,highest-temperature-in-qingdao-on-july-7-2026-26c,Qingdao,ZSQD,"[26, 27) deg C (integer bucket by truncation contract)",26°C,https://www.wunderground.com/history/daily/cn/qingdao/ZSQD,wunderground_airport_history,2199.928568,1992.7875060000001,11.149372,0.24,0.21,5,0.01,True
668443,highest-temperature-in-qingdao-on-july-7-2026,2802270,highest-temperature-in-qingdao-on-july-7-2026-27c,Qingdao,ZSQD,"[27, 28) deg C (integer bucket by truncation contract)",27°C,https://www.wunderground.com/history/daily/cn/qingdao/ZSQD,wunderground_airport_history,2199.928568,1992.7875060000001,17.35,0.18,0.17,5,0.01,True
668443,highest-temperature-in-qingdao-on-july-7-2026,2802271,highest-temperature-in-qingdao-on-july-7-2026-28c,Qingdao,ZSQD,"[28, 29) deg C (integer bucket by truncation contract)",28°C,https://www.wunderground.com/history/daily/cn/qingdao/ZSQD,wunderground_airport_history,2199.928568,1992.7875060000001,28.658234,0.13,0.09,5,0.01,True
668443,highest-temperature-in-qingdao-on-july-7-2026,2802272,highest-temperature-in-qingdao-on-july-7-2026-29c,Qingdao,ZSQD,"[29, 30) deg C (integer bucket by truncation contract)",29°C,https://www.wunderground.com/history/daily/cn/qingdao/ZSQD,wunderground_airport_history,2199.928568,1992.7875060000001,9.353732,0.07,0.03,5,0.01,True
668443,highest-temperature-in-qingdao-on-july-7-2026,2802273,highest-temperature-in-qingdao-on-july-7-2026-30c,Qingdao,ZSQD,"[30, 31) deg C (integer bucket by truncation contract)",30°C,https://www.wunderground.com/history/daily/cn/qingdao/ZSQD,wunderground_airport_history,2199.928568,1992.7875060000001,144.35463299999998,0.05,0.03,5,0.01,True
668443,highest-temperature-in-qingdao-on-july-7-2026,2802274,highest-temperature-in-qingdao-on-july-7-2026-31corhigher,Qingdao,ZSQD,>= 31 deg C,31°C or higher,https://www.wunderground.com/history/daily/cn/qingdao/ZSQD,wunderground_airport_history,2199.928568,1992.7875060000001,454.15914999999995,0.024,0.006,5,0.001,True
661262,highest-temperature-in-shenzhen-on-july-5-2026,2778884,highest-temperature-in-shenzhen-on-july-5-2026-24corbelow,Shenzhen,ZGSZ,<= 24 deg C,24°C or below,https://www.wunderground.com/history/daily/cn/shenzhen/ZGSZ,wunderground_airport_history,66654.958555,49713.518774000004,,0.001,,5,0.001,True
661262,highest-temperature-in-shenzhen-on-july-5-2026,2778885,highest-temperature-in-shenzhen-on-july-5-2026-25c,Shenzhen,ZGSZ,"[25, 26) deg C (integer bucket by truncation contract)",25°C,https://www.wunderground.com/history/daily/cn/shenzhen/ZGSZ,wunderground_airport_history,66654.958555,49713.518774000004,15.514,0.001,,5,0.001,True
661262,highest-temperature-in-shenzhen-on-july-5-2026,2778886,highest-temperature-in-shenzhen-on-july-5-2026-26c,Shenzhen,ZGSZ,"[26, 27) deg C (integer bucket by truncation contract)",26°C,https://www.wunderground.com/history/daily/cn/shenzhen/ZGSZ,wunderground_airport_history,66654.958555,49713.518774000004,2077.401,0.001,,5,0.001,True
661262,highest-temperature-in-shenzhen-on-july-5-2026,2778887,highest-temperature-in-shenzhen-on-july-5-2026-27c,Shenzhen,ZGSZ,"[27, 28) deg C (integer bucket by truncation contract)",27°C,https://www.wunderground.com/history/daily/cn/shenzhen/ZGSZ,wunderground_airport_history,66654.958555,49713.518774000004,312.59,0.001,,5,0.001,True
661262,highest-temperature-in-shenzhen-on-july-5-2026,2778888,highest-temperature-in-shenzhen-on-july-5-2026-28c,Shenzhen,ZGSZ,"[28, 29) deg C (integer bucket by truncation contract)",28°C,https://www.wunderground.com/history/daily/cn/shenzhen/ZGSZ,wunderground_airport_history,66654.958555,49713.518774000004,8953.990111,0.001,,5,0.001,True
661262,highest-temperature-in-shenzhen-on-july-5-2026,2778889,highest-temperature-in-shenzhen-on-july-5-2026-29c,Shenzhen,ZGSZ,"[29, 30) deg C (integer bucket by truncation contract)",29°C,https://www.wunderground.com/history/daily/cn/shenzhen/ZGSZ,wunderground_airport_history,66654.958555,49713.518774000004,5291.189931999999,0.001,,5,0.001,True
661262,highest-temperature-in-shenzhen-on-july-5-2026,2778890,highest-temperature-in-shenzhen-on-july-5-2026-30c,Shenzhen,ZGSZ,"[30, 31) deg C (integer bucket by truncation contract)",30°C,https://www.wunderground.com/history/daily/cn/shenzhen/ZGSZ,wunderground_airport_history,66654.958555,49713.518774000004,7133.843478999999,0.001,,5,0.001,True
661262,highest-temperature-in-shenzhen-on-july-5-2026,2778891,highest-temperature-in-shenzhen-on-july-5-2026-31c,Shenzhen,ZGSZ,"[31, 32) deg C (integer bucket by truncation contract)",31°C,https://www.wunderground.com/history/daily/cn/shenzhen/ZGSZ,wunderground_airport_history,66654.958555,49713.518774000004,17680.794459,0.001,,5,0.001,True
661262,highest-temperature-in-shenzhen-on-july-5-2026,2778892,highest-temperature-in-shenzhen-on-july-5-2026-32c,Shenzhen,ZGSZ,"[32, 33) deg C (integer bucket by truncation contract)",32°C,https://www.wunderground.com/history/daily/cn/shenzhen/ZGSZ,wunderground_airport_history,66654.958555,49713.518774000004,7225.133875000005,1,0.995,5,0.001,True
661262,highest-temperature-in-shenzhen-on-july-5-2026,2778893,highest-temperature-in-shenzhen-on-july-5-2026-33c,Shenzhen,ZGSZ,"[33, 34) deg C (integer bucket by truncation contract)",33°C,https://www.wunderground.com/history/daily/cn/shenzhen/ZGSZ,wunderground_airport_history,66654.958555,49713.518774000004,7426.495543000001,0.005,,5,0.001,True
661262,highest-temperature-in-shenzhen-on-july-5-2026,2778894,highest-temperature-in-shenzhen-on-july-5-2026-34corhigher,Shenzhen,ZGSZ,>= 34 deg C,34°C or higher,https://www.wunderground.com/history/daily/cn/shenzhen/ZGSZ,wunderground_airport_history,66654.958555,49713.518774000004,10609.356155999998,0.001,,5,0.001,True
664867,highest-temperature-in-shenzhen-on-july-6-2026,2791410,highest-temperature-in-shenzhen-on-july-6-2026-24corbelow,Shenzhen,ZGSZ,<= 24 deg C,24°C or below,https://www.wunderground.com/history/daily/cn/shenzhen/ZGSZ,wunderground_airport_history,21203.082758,13060.775151,1245.895,0.001,,5,0.001,True
664867,highest-temperature-in-shenzhen-on-july-6-2026,2791411,highest-temperature-in-shenzhen-on-july-6-2026-25c,Shenzhen,ZGSZ,"[25, 26) deg C (integer bucket by truncation contract)",25°C,https://www.wunderground.com/history/daily/cn/shenzhen/ZGSZ,wunderground_airport_history,21203.082758,13060.775151,2353.3060000000005,0.002,0.001,5,0.001,True
664867,highest-temperature-in-shenzhen-on-july-6-2026,2791412,highest-temperature-in-shenzhen-on-july-6-2026-26c,Shenzhen,ZGSZ,"[26, 27) deg C (integer bucket by truncation contract)",26°C,https://www.wunderground.com/history/daily/cn/shenzhen/ZGSZ,wunderground_airport_history,21203.082758,13060.775151,1352.578133,0.003,0.001,5,0.001,True
664867,highest-temperature-in-shenzhen-on-july-6-2026,2791413,highest-temperature-in-shenzhen-on-july-6-2026-27c,Shenzhen,ZGSZ,"[27, 28) deg C (integer bucket by truncation contract)",27°C,https://www.wunderground.com/history/daily/cn/shenzhen/ZGSZ,wunderground_airport_history,21203.082758,13060.775151,924.6380500000002,0.003,0.002,5,0.001,True
664867,highest-temperature-in-shenzhen-on-july-6-2026,2791414,highest-temperature-in-shenzhen-on-july-6-2026-28c,Shenzhen,ZGSZ,"[28, 29) deg C (integer bucket by truncation contract)",28°C,https://www.wunderground.com/history/daily/cn/shenzhen/ZGSZ,wunderground_airport_history,21203.082758,13060.775151,812.549285,0.02,0.019,5,0.001,True
664867,highest-temperature-in-shenzhen-on-july-6-2026,2791415,highest-temperature-in-shenzhen-on-july-6-2026-29c,Shenzhen,ZGSZ,"[29, 30) deg C (integer bucket by truncation contract)",29°C,https://www.wunderground.com/history/daily/cn/shenzhen/ZGSZ,wunderground_airport_history,21203.082758,13060.775151,1651.790105,0.049,0.048,5,0.001,True
664867,highest-temperature-in-shenzhen-on-july-6-2026,2791416,highest-temperature-in-shenzhen-on-july-6-2026-30c,Shenzhen,ZGSZ,"[30, 31) deg C (integer bucket by truncation contract)",30°C,https://www.wunderground.com/history/daily/cn/shenzhen/ZGSZ,wunderground_airport_history,21203.082758,13060.775151,1211.0692740000002,0.2,0.19,5,0.01,True
664867,highest-temperature-in-shenzhen-on-july-6-2026,2791417,highest-temperature-in-shenzhen-on-july-6-2026-31c,Shenzhen,ZGSZ,"[31, 32) deg C (integer bucket by truncation contract)",31°C,https://www.wunderground.com/history/daily/cn/shenzhen/ZGSZ,wunderground_airport_history,21203.082758,13060.775151,1646.185841,0.39,0.38,5,0.01,True
664867,highest-temperature-in-shenzhen-on-july-6-2026,2791418,highest-temperature-in-shenzhen-on-july-6-2026-32c,Shenzhen,ZGSZ,"[32, 33) deg C (integer bucket by truncation contract)",32°C,https://www.wunderground.com/history/daily/cn/shenzhen/ZGSZ,wunderground_airport_history,21203.082758,13060.775151,2359.264732,0.23,0.22,5,0.01,True
664867,highest-temperature-in-shenzhen-on-july-6-2026,2791419,highest-temperature-in-shenzhen-on-july-6-2026-33c,Shenzhen,ZGSZ,"[33, 34) deg C (integer bucket by truncation contract)",33°C,https://www.wunderground.com/history/daily/cn/shenzhen/ZGSZ,wunderground_airport_history,21203.082758,13060.775151,3111.0275990000005,0.05,0.021,5,0.001,True
664867,highest-temperature-in-shenzhen-on-july-6-2026,2791420,highest-temperature-in-shenzhen-on-july-6-2026-34corhigher,Shenzhen,ZGSZ,>= 34 deg C,34°C or higher,https://www.wunderground.com/history/daily/cn/shenzhen/ZGSZ,wunderground_airport_history,21203.082758,13060.775151,4535.829155000001,0.05,0.021,5,0.001,True
668434,highest-temperature-in-shenzhen-on-july-7-2026,2802165,highest-temperature-in-shenzhen-on-july-7-2026-24corbelow,Shenzhen,ZGSZ,<= 24 deg C,24°C or below,https://www.wunderground.com/history/daily/cn/shenzhen/ZGSZ,wunderground_airport_history,1929.738825,1398.0551020000003,242.86700000000002,0.002,0.001,5,0.001,True
668434,highest-temperature-in-shenzhen-on-july-7-2026,2802166,highest-temperature-in-shenzhen-on-july-7-2026-25c,Shenzhen,ZGSZ,"[25, 26) deg C (integer bucket by truncation contract)",25°C,https://www.wunderground.com/history/daily/cn/shenzhen/ZGSZ,wunderground_airport_history,1929.738825,1398.0551020000003,109.999,0.009,0.002,5,0.001,True
668434,highest-temperature-in-shenzhen-on-july-7-2026,2802167,highest-temperature-in-shenzhen-on-july-7-2026-26c,Shenzhen,ZGSZ,"[26, 27) deg C (integer bucket by truncation contract)",26°C,https://www.wunderground.com/history/daily/cn/shenzhen/ZGSZ,wunderground_airport_history,1929.738825,1398.0551020000003,188.747325,0.012,0.005,5,0.001,True
668434,highest-temperature-in-shenzhen-on-july-7-2026,2802168,highest-temperature-in-shenzhen-on-july-7-2026-27c,Shenzhen,ZGSZ,"[27, 28) deg C (integer bucket by truncation contract)",27°C,https://www.wunderground.com/history/daily/cn/shenzhen/ZGSZ,wunderground_airport_history,1929.738825,1398.0551020000003,23.079711,0.056,0.029,5,0.001,True
668434,highest-temperature-in-shenzhen-on-july-7-2026,2802169,highest-temperature-in-shenzhen-on-july-7-2026-28c,Shenzhen,ZGSZ,"[28, 29) deg C (integer bucket by truncation contract)",28°C,https://www.wunderground.com/history/daily/cn/shenzhen/ZGSZ,wunderground_airport_history,1929.738825,1398.0551020000003,111.230908,0.12,0.1,5,0.01,True
668434,highest-temperature-in-shenzhen-on-july-7-2026,2802170,highest-temperature-in-shenzhen-on-july-7-2026-29c,Shenzhen,ZGSZ,"[29, 30) deg C (integer bucket by truncation contract)",29°C,https://www.wunderground.com/history/daily/cn/shenzhen/ZGSZ,wunderground_airport_history,1929.738825,1398.0551020000003,157.36595799999998,0.23,0.21,5,0.01,True
668434,highest-temperature-in-shenzhen-on-july-7-2026,2802171,highest-temperature-in-shenzhen-on-july-7-2026-30c,Shenzhen,ZGSZ,"[30, 31) deg C (integer bucket by truncation contract)",30°C,https://www.wunderground.com/history/daily/cn/shenzhen/ZGSZ,wunderground_airport_history,1929.738825,1398.0551020000003,559.001903,0.23,0.22,5,0.01,True
668434,highest-temperature-in-shenzhen-on-july-7-2026,2802172,highest-temperature-in-shenzhen-on-july-7-2026-31c,Shenzhen,ZGSZ,"[31, 32) deg C (integer bucket by truncation contract)",31°C,https://www.wunderground.com/history/daily/cn/shenzhen/ZGSZ,wunderground_airport_history,1929.738825,1398.0551020000003,33.924243,0.26,0.25,5,0.01,True
668434,highest-temperature-in-shenzhen-on-july-7-2026,2802173,highest-temperature-in-shenzhen-on-july-7-2026-32c,Shenzhen,ZGSZ,"[32, 33) deg C (integer bucket by truncation contract)",32°C,https://www.wunderground.com/history/daily/cn/shenzhen/ZGSZ,wunderground_airport_history,1929.738825,1398.0551020000003,179.951977,0.12,0.09,5,0.01,True
668434,highest-temperature-in-shenzhen-on-july-7-2026,2802174,highest-temperature-in-shenzhen-on-july-7-2026-33c,Shenzhen,ZGSZ,"[33, 34) deg C (integer bucket by truncation contract)",33°C,https://www.wunderground.com/history/daily/cn/shenzhen/ZGSZ,wunderground_airport_history,1929.738825,1398.0551020000003,81.537933,0.055,0.041,5,0.001,True
668434,highest-temperature-in-shenzhen-on-july-7-2026,2802175,highest-temperature-in-shenzhen-on-july-7-2026-34corhigher,Shenzhen,ZGSZ,>= 34 deg C,34°C or higher,https://www.wunderground.com/history/daily/cn/shenzhen/ZGSZ,wunderground_airport_history,1929.738825,1398.0551020000003,242.03286699999998,0.045,0.014,5,0.001,True
661253,highest-temperature-in-singapore-on-july-5-2026,2778783,highest-temperature-in-singapore-on-july-5-2026-25corbelow,Singapore,WSSS,<= 25 deg C,25°C or below,https://www.wunderground.com/history/daily/sg/singapore/WSSS,wunderground_airport_history,68245.259435,43696.007774000005,440.18620500000003,0.001,,5,0.001,True
661253,highest-temperature-in-singapore-on-july-5-2026,2778784,highest-temperature-in-singapore-on-july-5-2026-26c,Singapore,WSSS,"[26, 27) deg C (integer bucket by truncation contract)",26°C,https://www.wunderground.com/history/daily/sg/singapore/WSSS,wunderground_airport_history,68245.259435,43696.007774000005,1350.355,0.001,,5,0.001,True
661253,highest-temperature-in-singapore-on-july-5-2026,2778785,highest-temperature-in-singapore-on-july-5-2026-27c,Singapore,WSSS,"[27, 28) deg C (integer bucket by truncation contract)",27°C,https://www.wunderground.com/history/daily/sg/singapore/WSSS,wunderground_airport_history,68245.259435,43696.007774000005,7978.129,0.001,,5,0.001,True
661253,highest-temperature-in-singapore-on-july-5-2026,2778786,highest-temperature-in-singapore-on-july-5-2026-28c,Singapore,WSSS,"[28, 29) deg C (integer bucket by truncation contract)",28°C,https://www.wunderground.com/history/daily/sg/singapore/WSSS,wunderground_airport_history,68245.259435,43696.007774000005,2414.118149,0.001,,5,0.001,True
661253,highest-temperature-in-singapore-on-july-5-2026,2778787,highest-temperature-in-singapore-on-july-5-2026-29c,Singapore,WSSS,"[29, 30) deg C (integer bucket by truncation contract)",29°C,https://www.wunderground.com/history/daily/sg/singapore/WSSS,wunderground_airport_history,68245.259435,43696.007774000005,3066.591308,0.001,,5,0.001,True
661253,highest-temperature-in-singapore-on-july-5-2026,2778788,highest-temperature-in-singapore-on-july-5-2026-30c,Singapore,WSSS,"[30, 31) deg C (integer bucket by truncation contract)",30°C,https://www.wunderground.com/history/daily/sg/singapore/WSSS,wunderground_airport_history,68245.259435,43696.007774000005,5037.530912,0.001,,5,0.001,True
661253,highest-temperature-in-singapore-on-july-5-2026,2778789,highest-temperature-in-singapore-on-july-5-2026-31c,Singapore,WSSS,"[31, 32) deg C (integer bucket by truncation contract)",31°C,https://www.wunderground.com/history/daily/sg/singapore/WSSS,wunderground_airport_history,68245.259435,43696.007774000005,10203.549548,0.001,,5,0.001,True
661253,highest-temperature-in-singapore-on-july-5-2026,2778790,highest-temperature-in-singapore-on-july-5-2026-32c,Singapore,WSSS,"[32, 33) deg C (integer bucket by truncation contract)",32°C,https://www.wunderground.com/history/daily/sg/singapore/WSSS,wunderground_airport_history,68245.259435,43696.007774000005,8298.884831000001,0.001,,5,0.001,True
661253,highest-temperature-in-singapore-on-july-5-2026,2778791,highest-temperature-in-singapore-on-july-5-2026-33c,Singapore,WSSS,"[33, 34) deg C (integer bucket by truncation contract)",33°C,https://www.wunderground.com/history/daily/sg/singapore/WSSS,wunderground_airport_history,68245.259435,43696.007774000005,6930.168457,0.999,0.995,5,0.001,True
661253,highest-temperature-in-singapore-on-july-5-2026,2778792,highest-temperature-in-singapore-on-july-5-2026-34c,Singapore,WSSS,"[34, 35) deg C (integer bucket by truncation contract)",34°C,https://www.wunderground.com/history/daily/sg/singapore/WSSS,wunderground_airport_history,68245.259435,43696.007774000005,12725.257248,0.003,0.001,5,0.001,True
661253,highest-temperature-in-singapore-on-july-5-2026,2778793,highest-temperature-in-singapore-on-july-5-2026-35corhigher,Singapore,WSSS,>= 35 deg C,35°C or higher,https://www.wunderground.com/history/daily/sg/singapore/WSSS,wunderground_airport_history,68245.259435,43696.007774000005,9800.488776999999,0.001,,5,0.001,True
664854,highest-temperature-in-singapore-on-july-6-2026,2791334,highest-temperature-in-singapore-on-july-6-2026-25corbelow,Singapore,WSSS,<= 25 deg C,25°C or below,https://www.wunderground.com/history/daily/sg/singapore/WSSS,wunderground_airport_history,8434.223821,6430.506468,1271.944,0.002,,5,0.001,True
664854,highest-temperature-in-singapore-on-july-6-2026,2791335,highest-temperature-in-singapore-on-july-6-2026-26c,Singapore,WSSS,"[26, 27) deg C (integer bucket by truncation contract)",26°C,https://www.wunderground.com/history/daily/sg/singapore/WSSS,wunderground_airport_history,8434.223821,6430.506468,1060.8780000000002,0.003,0.001,5,0.001,True
664854,highest-temperature-in-singapore-on-july-6-2026,2791336,highest-temperature-in-singapore-on-july-6-2026-27c,Singapore,WSSS,"[27, 28) deg C (integer bucket by truncation contract)",27°C,https://www.wunderground.com/history/daily/sg/singapore/WSSS,wunderground_airport_history,8434.223821,6430.506468,109.60799999999999,0.002,0.001,5,0.001,True
664854,highest-temperature-in-singapore-on-july-6-2026,2791337,highest-temperature-in-singapore-on-july-6-2026-28c,Singapore,WSSS,"[28, 29) deg C (integer bucket by truncation contract)",28°C,https://www.wunderground.com/history/daily/sg/singapore/WSSS,wunderground_airport_history,8434.223821,6430.506468,321.4772,0.006,0.002,5,0.001,True
664854,highest-temperature-in-singapore-on-july-6-2026,2791338,highest-temperature-in-singapore-on-july-6-2026-29c,Singapore,WSSS,"[29, 30) deg C (integer bucket by truncation contract)",29°C,https://www.wunderground.com/history/daily/sg/singapore/WSSS,wunderground_airport_history,8434.223821,6430.506468,273.12402899999995,0.011,0.009,5,0.001,True
664854,highest-temperature-in-singapore-on-july-6-2026,2791339,highest-temperature-in-singapore-on-july-6-2026-30c,Singapore,WSSS,"[30, 31) deg C (integer bucket by truncation contract)",30°C,https://www.wunderground.com/history/daily/sg/singapore/WSSS,wunderground_airport_history,8434.223821,6430.506468,1139.2090019999998,0.084,0.071,5,0.001,True
664854,highest-temperature-in-singapore-on-july-6-2026,2791340,highest-temperature-in-singapore-on-july-6-2026-31c,Singapore,WSSS,"[31, 32) deg C (integer bucket by truncation contract)",31°C,https://www.wunderground.com/history/daily/sg/singapore/WSSS,wunderground_airport_history,8434.223821,6430.506468,1477.2969030000002,0.33,0.32,5,0.01,True
664854,highest-temperature-in-singapore-on-july-6-2026,2791341,highest-temperature-in-singapore-on-july-6-2026-32c,Singapore,WSSS,"[32, 33) deg C (integer bucket by truncation contract)",32°C,https://www.wunderground.com/history/daily/sg/singapore/WSSS,wunderground_airport_history,8434.223821,6430.506468,1094.2363799999998,0.43,0.42,5,0.01,True
664854,highest-temperature-in-singapore-on-july-6-2026,2791342,highest-temperature-in-singapore-on-july-6-2026-33c,Singapore,WSSS,"[33, 34) deg C (integer bucket by truncation contract)",33°C,https://www.wunderground.com/history/daily/sg/singapore/WSSS,wunderground_airport_history,8434.223821,6430.506468,878.3694730000001,0.18,0.17,5,0.01,True
664854,highest-temperature-in-singapore-on-july-6-2026,2791343,highest-temperature-in-singapore-on-july-6-2026-34c,Singapore,WSSS,"[34, 35) deg C (integer bucket by truncation contract)",34°C,https://www.wunderground.com/history/daily/sg/singapore/WSSS,wunderground_airport_history,8434.223821,6430.506468,589.441334,0.02,0.011,5,0.001,True
664854,highest-temperature-in-singapore-on-july-6-2026,2791344,highest-temperature-in-singapore-on-july-6-2026-35corhigher,Singapore,WSSS,>= 35 deg C,35°C or higher,https://www.wunderground.com/history/daily/sg/singapore/WSSS,wunderground_airport_history,8434.223821,6430.506468,218.6395,0.009,0.003,5,0.001,True
668425,highest-temperature-in-singapore-on-july-7-2026,2802066,highest-temperature-in-singapore-on-july-7-2026-25corbelow,Singapore,WSSS,<= 25 deg C,25°C or below,https://www.wunderground.com/history/daily/sg/singapore/WSSS,wunderground_airport_history,1312.282761,1235.929297,279.992,0.004,0.001,5,0.001,True
668425,highest-temperature-in-singapore-on-july-7-2026,2802067,highest-temperature-in-singapore-on-july-7-2026-26c,Singapore,WSSS,"[26, 27) deg C (integer bucket by truncation contract)",26°C,https://www.wunderground.com/history/daily/sg/singapore/WSSS,wunderground_airport_history,1312.282761,1235.929297,117.03399999999999,0.007,0.002,5,0.001,True
668425,highest-temperature-in-singapore-on-july-7-2026,2802068,highest-temperature-in-singapore-on-july-7-2026-27c,Singapore,WSSS,"[27, 28) deg C (integer bucket by truncation contract)",27°C,https://www.wunderground.com/history/daily/sg/singapore/WSSS,wunderground_airport_history,1312.282761,1235.929297,63.013,0.004,0.001,5,0.001,True
668425,highest-temperature-in-singapore-on-july-7-2026,2802069,highest-temperature-in-singapore-on-july-7-2026-28c,Singapore,WSSS,"[28, 29) deg C (integer bucket by truncation contract)",28°C,https://www.wunderground.com/history/daily/sg/singapore/WSSS,wunderground_airport_history,1312.282761,1235.929297,211.53682799999999,0.012,0.006,5,0.001,True
668425,highest-temperature-in-singapore-on-july-7-2026,2802070,highest-temperature-in-singapore-on-july-7-2026-29c,Singapore,WSSS,"[29, 30) deg C (integer bucket by truncation contract)",29°C,https://www.wunderground.com/history/daily/sg/singapore/WSSS,wunderground_airport_history,1312.282761,1235.929297,33.675,0.04,0.031,5,0.001,True
668425,highest-temperature-in-singapore-on-july-7-2026,2802071,highest-temperature-in-singapore-on-july-7-2026-30c,Singapore,WSSS,"[30, 31) deg C (integer bucket by truncation contract)",30°C,https://www.wunderground.com/history/daily/sg/singapore/WSSS,wunderground_airport_history,1312.282761,1235.929297,59.191195,0.24,0.18,5,0.01,True
668425,highest-temperature-in-singapore-on-july-7-2026,2802072,highest-temperature-in-singapore-on-july-7-2026-31c,Singapore,WSSS,"[31, 32) deg C (integer bucket by truncation contract)",31°C,https://www.wunderground.com/history/daily/sg/singapore/WSSS,wunderground_airport_history,1312.282761,1235.929297,54.324784,0.37,0.34,5,0.01,True
668425,highest-temperature-in-singapore-on-july-7-2026,2802073,highest-temperature-in-singapore-on-july-7-2026-32c,Singapore,WSSS,"[32, 33) deg C (integer bucket by truncation contract)",32°C,https://www.wunderground.com/history/daily/sg/singapore/WSSS,wunderground_airport_history,1312.282761,1235.929297,18.703246,0.32,0.31,5,0.01,True
668425,highest-temperature-in-singapore-on-july-7-2026,2802074,highest-temperature-in-singapore-on-july-7-2026-33c,Singapore,WSSS,"[33, 34) deg C (integer bucket by truncation contract)",33°C,https://www.wunderground.com/history/daily/sg/singapore/WSSS,wunderground_airport_history,1312.282761,1235.929297,450.778708,0.1,0.06,5,0.01,True
668425,highest-temperature-in-singapore-on-july-7-2026,2802075,highest-temperature-in-singapore-on-july-7-2026-34c,Singapore,WSSS,"[34, 35) deg C (integer bucket by truncation contract)",34°C,https://www.wunderground.com/history/daily/sg/singapore/WSSS,wunderground_airport_history,1312.282761,1235.929297,10.01,0.01,0.004,5,0.001,True
668425,highest-temperature-in-singapore-on-july-7-2026,2802076,highest-temperature-in-singapore-on-july-7-2026-35corhigher,Singapore,WSSS,>= 35 deg C,35°C or higher,https://www.wunderground.com/history/daily/sg/singapore/WSSS,wunderground_airport_history,1312.282761,1235.929297,14.024,0.01,0.003,5,0.001,True
